"emln_id","train_layer","test_layer","specificity_sigm","specificity_minmax","specificity_prob0","specificity_sigm05","precision_sigm","precision_minmax","precision_prob0","precision_sigm05","recall_sigm","recall_minmax","recall_prob0","recall_sigm05","f1_score_sigm","f1_score_minmax","f1_score_prob0","f1_score_sigm05","balanced_accuracy_sigm","balanced_accuracy_minmax","balanced_accuracy_prob0","balanced_accuracy_sigm05","mcc_sigm","mcc_minmax","mcc_prob0","mcc_sigm05","train_layer_name","test_layer_name","diagonal","layer_comparison"
60,1,1,0.5,1,0.428571428571429,0.357142857142857,0.533333333333333,1,0.5,0.5,0.571428571428571,0.0714285714285714,0.571428571428571,0.642857142857143,0.551724137931034,0.133333333333333,0.533333333333333,0.5625,0.535714285714286,0.535714285714286,0.5,0.5,0.0716114874039433,0.192450089729875,0,0,"Tenerife Teno site 1","Tenerife Teno site 1",TRUE,"Diagonal"
60,1,2,0.315789473684211,0.842105263157895,0.315789473684211,0.105263157894737,0.458333333333333,0.727272727272727,0.458333333333333,0.413793103448276,0.578947368421053,0.421052631578947,0.578947368421053,0.631578947368421,0.511627906976744,0.533333333333333,0.511627906976744,0.5,0.447368421052632,0.631578947368421,0.447368421052632,0.368421052631579,-0.109108945117996,0.29012942659283,-0.109108945117996,-0.309492230295086,"Tenerife Teno site 1","Tenerife Teno site 2",FALSE,"Off-Diagonal"
60,1,3,0.210526315789474,0.947368421052632,0.210526315789474,0.0526315789473684,0.464285714285714,0.833333333333333,0.464285714285714,0.454545454545455,0.684210526315789,0.263157894736842,0.684210526315789,0.789473684210526,0.553191489361702,0.4,0.553191489361702,0.576923076923077,0.447368421052632,0.605263157894737,0.447368421052632,0.421052631578947,-0.119522860933439,0.288675134594813,-0.119522860933439,-0.233549683248457,"Tenerife Teno site 1","Tenerife South site 2",FALSE,"Off-Diagonal"
60,1,4,0.571428571428571,0.928571428571429,0.571428571428571,0.214285714285714,0.571428571428571,0.8,0.571428571428571,0.476190476190476,0.571428571428571,0.285714285714286,0.571428571428571,0.714285714285714,0.571428571428571,0.421052631578947,0.571428571428571,0.571428571428571,0.571428571428571,0.607142857142857,0.571428571428571,0.464285714285714,0.142857142857143,0.279751442472094,0.142857142857143,-0.0824786098842323,"Tenerife Teno site 1","Tenerife South site 1",FALSE,"Off-Diagonal"
60,1,5,0.454545454545455,1,0.454545454545455,0.272727272727273,0.333333333333333,1,0.333333333333333,0.466666666666667,0.272727272727273,0.181818181818182,0.272727272727273,0.636363636363636,0.3,0.307692307692308,0.3,0.538461538461539,0.363636363636364,0.590909090909091,0.363636363636364,0.454545454545455,-0.277350098112615,0.316227766016838,-0.277350098112615,-0.0975900072948533,"Tenerife Teno site 1","Gran Canaria site 2",FALSE,"Off-Diagonal"
60,1,6,0.133333333333333,0.866666666666667,0.133333333333333,0,0.48,0.6,0.48,0.444444444444444,0.8,0.2,0.8,0.8,0.6,0.3,0.6,0.571428571428571,0.466666666666667,0.533333333333333,0.466666666666667,0.4,-0.0894427190999916,0.0894427190999916,-0.0894427190999916,-0.333333333333333,"Tenerife Teno site 1","Gran Canaria site 1",FALSE,"Off-Diagonal"
60,1,7,0.454545454545455,1,0.454545454545455,0.181818181818182,0.25,1,0.25,0.25,0.181818181818182,0.0909090909090909,0.181818181818182,0.272727272727273,0.210526315789474,0.166666666666667,0.210526315789474,0.260869565217391,0.318181818181818,0.545454545454545,0.318181818181818,0.227272727272727,-0.377964473009227,0.218217890235992,-0.377964473009227,-0.547722557505166,"Tenerife Teno site 1","Fuerteventura site 2",FALSE,"Off-Diagonal"
60,1,8,0.545454545454545,1,0.545454545454545,0.272727272727273,0.5,1,0.5,0.529411764705882,0.454545454545455,0.181818181818182,0.454545454545455,0.818181818181818,0.476190476190476,0.307692307692308,0.476190476190476,0.642857142857143,0.5,0.590909090909091,0.5,0.545454545454545,0,0.316227766016838,0,0.108465228909328,"Tenerife Teno site 1","Fuerteventura site 1",FALSE,"Off-Diagonal"
60,1,9,0.307692307692308,1,0.153846153846154,0.230769230769231,0.181818181818182,NA,0.214285714285714,0.166666666666667,0.153846153846154,0,0.230769230769231,0.153846153846154,0.166666666666667,NA,0.222222222222222,0.16,0.230769230769231,0.5,0.192307692307692,0.192307692307692,-0.544949260913066,NA,-0.617213399848368,-0.617213399848368,"Tenerife Teno site 1","Western Sahara site 2",FALSE,"Off-Diagonal"
60,1,10,0.272727272727273,1,0.272727272727273,0.181818181818182,0.384615384615385,1,0.384615384615385,0.4,0.454545454545455,0.181818181818182,0.454545454545455,0.545454545454545,0.416666666666667,0.307692307692308,0.416666666666667,0.461538461538462,0.363636363636364,0.590909090909091,0.363636363636364,0.363636363636364,-0.277350098112615,0.316227766016838,-0.277350098112615,-0.29277002188456,"Tenerife Teno site 1","Western Sahara site 1",FALSE,"Off-Diagonal"
60,1,11,0.272727272727273,1,0.272727272727273,0.272727272727273,0.272727272727273,1,0.272727272727273,0.333333333333333,0.272727272727273,0.0909090909090909,0.272727272727273,0.363636363636364,0.272727272727273,0.166666666666667,0.272727272727273,0.347826086956522,0.272727272727273,0.545454545454545,0.272727272727273,0.318181818181818,-0.454545454545455,0.218217890235992,-0.454545454545455,-0.365148371670111,"Tenerife Teno site 1","El Hierro site 2",FALSE,"Off-Diagonal"
60,1,12,0.3,1,0.3,0.1,0.461538461538462,1,0.461538461538462,0.470588235294118,0.6,0.2,0.6,0.8,0.521739130434783,0.333333333333333,0.521739130434783,0.592592592592593,0.45,0.6,0.45,0.45,-0.104828483672192,0.333333333333333,-0.104828483672192,-0.140028008402801,"Tenerife Teno site 1","El Hierro site 1",FALSE,"Off-Diagonal"
60,1,13,0.1875,1,0.1875,0.0625,0.48,1,0.48,0.482758620689655,0.75,0.25,0.75,0.875,0.585365853658537,0.4,0.585365853658537,0.622222222222222,0.46875,0.625,0.46875,0.46875,-0.0755928946018454,0.377964473009227,-0.0755928946018454,-0.107211253483779,"Tenerife Teno site 1","La Gomera site 2",FALSE,"Off-Diagonal"
60,1,14,0.153846153846154,0.923076923076923,0.153846153846154,0,0.45,0.833333333333333,0.45,0.409090909090909,0.692307692307692,0.384615384615385,0.692307692307692,0.692307692307692,0.545454545454546,0.526315789473684,0.545454545454546,0.514285714285714,0.423076923076923,0.653846153846154,0.423076923076923,0.346153846153846,-0.182574185835055,0.365148371670111,-0.182574185835055,-0.426401432711221,"Tenerife Teno site 1","La Gomera site 1",FALSE,"Off-Diagonal"
60,2,1,0.142857142857143,0.928571428571429,0.142857142857143,0.0714285714285714,0.478260869565217,0.857142857142857,0.478260869565217,0.458333333333333,0.785714285714286,0.428571428571429,0.785714285714286,0.785714285714286,0.594594594594595,0.571428571428571,0.594594594594595,0.578947368421053,0.464285714285714,0.678571428571429,0.464285714285714,0.428571428571429,-0.0932504808240314,0.412393049421161,-0.0932504808240314,-0.204124145231931,"Tenerife Teno site 2","Tenerife Teno site 1",FALSE,"Off-Diagonal"
60,2,2,0.210526315789474,1,0.210526315789474,0.157894736842105,0.4,1,0.423076923076923,0.448275862068966,0.526315789473684,0.157894736842105,0.578947368421053,0.684210526315789,0.454545454545455,0.272727272727273,0.488888888888889,0.541666666666667,0.368421052631579,0.578947368421053,0.394736842105263,0.421052631578947,-0.277350098112615,0.29277002188456,-0.226455406828919,-0.185695338177052,"Tenerife Teno site 2","Tenerife Teno site 2",TRUE,"Diagonal"
60,2,3,0.263157894736842,0.894736842105263,0.263157894736842,0.0526315789473684,0.391304347826087,0.666666666666667,0.391304347826087,0.379310344827586,0.473684210526316,0.210526315789474,0.473684210526316,0.578947368421053,0.428571428571429,0.32,0.428571428571429,0.458333333333333,0.368421052631579,0.552631578947368,0.368421052631579,0.315789473684211,-0.269190951029083,0.144337567297406,-0.269190951029083,-0.433289122413121,"Tenerife Teno site 2","Tenerife South site 2",FALSE,"Off-Diagonal"
60,2,4,0.571428571428571,1,0.428571428571429,0.428571428571429,0.454545454545455,1,0.466666666666667,0.384615384615385,0.357142857142857,0.214285714285714,0.5,0.357142857142857,0.4,0.352941176470588,0.482758620689655,0.37037037037037,0.464285714285714,0.607142857142857,0.464285714285714,0.392857142857143,-0.0731272424127131,0.346410161513775,-0.0716114874039433,-0.21483446221183,"Tenerife Teno site 2","Tenerife South site 1",FALSE,"Off-Diagonal"
60,2,5,0.545454545454545,1,0.545454545454545,0.363636363636364,0.545454545454545,NA,0.545454545454545,0.533333333333333,0.545454545454545,0,0.545454545454545,0.727272727272727,0.545454545454545,NA,0.545454545454545,0.615384615384615,0.545454545454545,0.5,0.545454545454545,0.545454545454545,0.0909090909090909,NA,0.0909090909090909,0.0975900072948533,"Tenerife Teno site 2","Gran Canaria site 2",FALSE,"Off-Diagonal"
60,2,6,0.333333333333333,0.866666666666667,0.333333333333333,0.133333333333333,0.523809523809524,0.6,0.523809523809524,0.48,0.733333333333333,0.2,0.733333333333333,0.8,0.611111111111111,0.3,0.611111111111111,0.6,0.533333333333333,0.533333333333333,0.533333333333333,0.466666666666667,0.0727392967453308,0.0894427190999916,0.0727392967453308,-0.0894427190999916,"Tenerife Teno site 2","Gran Canaria site 1",FALSE,"Off-Diagonal"
60,2,7,0.636363636363636,0.818181818181818,0.636363636363636,0.0909090909090909,0.555555555555556,0.6,0.555555555555556,0.411764705882353,0.454545454545455,0.272727272727273,0.454545454545455,0.636363636363636,0.5,0.375,0.5,0.5,0.545454545454545,0.545454545454545,0.545454545454545,0.363636363636364,0.0924500327042048,0.108465228909328,0.0924500327042048,-0.325395686727984,"Tenerife Teno site 2","Fuerteventura site 2",FALSE,"Off-Diagonal"
60,2,8,0.272727272727273,1,0.272727272727273,0.272727272727273,0.333333333333333,1,0.333333333333333,0.384615384615385,0.363636363636364,0.0909090909090909,0.363636363636364,0.454545454545455,0.347826086956522,0.166666666666667,0.347826086956522,0.416666666666667,0.318181818181818,0.545454545454545,0.318181818181818,0.363636363636364,-0.365148371670111,0.218217890235992,-0.365148371670111,-0.277350098112615,"Tenerife Teno site 2","Fuerteventura site 1",FALSE,"Off-Diagonal"
60,2,9,0.538461538461538,0.923076923076923,0.538461538461538,0.461538461538462,0.5,0,0.5,0.461538461538462,0.461538461538462,0,0.461538461538462,0.461538461538462,0.48,NA,0.48,0.461538461538462,0.5,0.461538461538462,0.5,0.461538461538462,0,-0.2,0,-0.0769230769230769,"Tenerife Teno site 2","Western Sahara site 2",FALSE,"Off-Diagonal"
60,2,10,0.363636363636364,1,0.363636363636364,0,0.363636363636364,1,0.363636363636364,0.3125,0.363636363636364,0.0909090909090909,0.363636363636364,0.454545454545455,0.363636363636364,0.166666666666667,0.363636363636364,0.37037037037037,0.363636363636364,0.545454545454545,0.363636363636364,0.227272727272727,-0.272727272727273,0.218217890235992,-0.272727272727273,-0.612372435695794,"Tenerife Teno site 2","Western Sahara site 1",FALSE,"Off-Diagonal"
60,2,11,0.363636363636364,1,0.363636363636364,0.272727272727273,0.363636363636364,1,0.363636363636364,0.466666666666667,0.363636363636364,0.272727272727273,0.363636363636364,0.636363636363636,0.363636363636364,0.428571428571429,0.363636363636364,0.538461538461539,0.363636363636364,0.636363636363636,0.363636363636364,0.454545454545455,-0.272727272727273,0.397359707119513,-0.272727272727273,-0.0975900072948533,"Tenerife Teno site 2","El Hierro site 2",FALSE,"Off-Diagonal"
60,2,12,0.4,0.8,0.4,0.1,0.5,0.333333333333333,0.5,0.4375,0.6,0.1,0.6,0.7,0.545454545454545,0.153846153846154,0.545454545454545,0.538461538461538,0.5,0.45,0.5,0.4,0,-0.140028008402801,0,-0.25,"Tenerife Teno site 2","El Hierro site 1",FALSE,"Off-Diagonal"
60,2,13,0.5,0.9375,0.5,0.0625,0.578947368421053,0.833333333333333,0.578947368421053,0.482758620689655,0.6875,0.3125,0.6875,0.875,0.628571428571429,0.454545454545455,0.628571428571429,0.622222222222222,0.59375,0.625,0.59375,0.46875,0.190885428892733,0.320256307610174,0.190885428892733,-0.107211253483779,"Tenerife Teno site 2","La Gomera site 2",FALSE,"Off-Diagonal"
60,2,14,0.230769230769231,1,0.230769230769231,0.153846153846154,0.5,1,0.5,0.476190476190476,0.769230769230769,0.307692307692308,0.769230769230769,0.769230769230769,0.606060606060606,0.470588235294118,0.606060606060606,0.588235294117647,0.5,0.653846153846154,0.5,0.461538461538462,0,0.426401432711221,0,-0.0975900072948533,"Tenerife Teno site 2","La Gomera site 1",FALSE,"Off-Diagonal"
60,3,1,0.142857142857143,0.857142857142857,0,0.142857142857143,0.5,0.666666666666667,0.461538461538462,0.5,0.857142857142857,0.285714285714286,0.857142857142857,0.857142857142857,0.631578947368421,0.4,0.6,0.631578947368421,0.5,0.571428571428571,0.428571428571429,0.5,0,0.174077655955698,-0.277350098112615,0,"Tenerife South site 2","Tenerife Teno site 1",FALSE,"Off-Diagonal"
60,3,2,0.263157894736842,0.947368421052632,0.210526315789474,0.157894736842105,0.517241379310345,0.833333333333333,0.5,0.483870967741935,0.789473684210526,0.263157894736842,0.789473684210526,0.789473684210526,0.625,0.4,0.612244897959184,0.6,0.526315789473684,0.605263157894737,0.5,0.473684210526316,0.0618984460590173,0.288675134594813,0,-0.0678844233302131,"Tenerife South site 2","Tenerife Teno site 2",FALSE,"Off-Diagonal"
60,3,3,0.263157894736842,0.894736842105263,0.263157894736842,0.0526315789473684,0.363636363636364,0.333333333333333,0.363636363636364,0.4,0.421052631578947,0.0526315789473684,0.421052631578947,0.631578947368421,0.390243902439024,0.0909090909090909,0.390243902439024,0.489795918367347,0.342105263157895,0.473684210526316,0.342105263157895,0.342105263157895,-0.319801074533416,-0.0975900072948533,-0.319801074533416,-0.387298334620742,"Tenerife South site 2","Tenerife South site 2",TRUE,"Diagonal"
60,3,4,0.142857142857143,0.857142857142857,0.142857142857143,0.0714285714285714,0.454545454545455,0.6,0.454545454545455,0.434782608695652,0.714285714285714,0.214285714285714,0.714285714285714,0.714285714285714,0.555555555555556,0.315789473684211,0.555555555555556,0.54054054054054,0.428571428571429,0.535714285714286,0.428571428571429,0.392857142857143,-0.174077655955698,0.0932504808240314,-0.174077655955698,-0.279751442472094,"Tenerife South site 2","Tenerife South site 1",FALSE,"Off-Diagonal"
60,3,5,0.181818181818182,1,0,0.181818181818182,0.5,1,0.45,0.5,0.818181818181818,0.0909090909090909,0.818181818181818,0.818181818181818,0.620689655172414,0.166666666666667,0.580645161290323,0.620689655172414,0.5,0.545454545454545,0.409090909090909,0.5,0,0.218217890235992,-0.316227766016838,0,"Tenerife South site 2","Gran Canaria site 2",FALSE,"Off-Diagonal"
60,3,6,0.2,0.866666666666667,0.2,0.0666666666666667,0.5,0.777777777777778,0.5,0.481481481481481,0.8,0.466666666666667,0.8,0.866666666666667,0.615384615384615,0.583333333333333,0.615384615384615,0.619047619047619,0.5,0.666666666666667,0.5,0.466666666666667,0,0.363696483726654,0,-0.111111111111111,"Tenerife South site 2","Gran Canaria site 1",FALSE,"Off-Diagonal"
60,3,7,0.727272727272727,1,0.727272727272727,0.272727272727273,0.571428571428571,NA,0.571428571428571,0.384615384615385,0.363636363636364,0,0.363636363636364,0.454545454545455,0.444444444444444,NA,0.444444444444444,0.416666666666667,0.545454545454545,0.5,0.545454545454545,0.363636363636364,0.0975900072948533,NA,0.0975900072948533,-0.277350098112615,"Tenerife South site 2","Fuerteventura site 2",FALSE,"Off-Diagonal"
60,3,8,0.181818181818182,0.909090909090909,0.181818181818182,0.0909090909090909,0.357142857142857,0,0.357142857142857,0.333333333333333,0.454545454545455,0,0.454545454545455,0.454545454545455,0.4,NA,0.4,0.384615384615385,0.318181818181818,0.454545454545455,0.318181818181818,0.272727272727273,-0.377964473009227,-0.218217890235992,-0.377964473009227,-0.487950036474267,"Tenerife South site 2","Fuerteventura site 1",FALSE,"Off-Diagonal"
60,3,9,0.461538461538462,1,0.307692307692308,0.230769230769231,0.363636363636364,1,0.4,0.375,0.307692307692308,0.0769230769230769,0.461538461538462,0.461538461538462,0.333333333333333,0.142857142857143,0.428571428571429,0.413793103448276,0.384615384615385,0.538461538461538,0.384615384615385,0.346153846153846,-0.233549683248457,0.2,-0.233549683248457,-0.316227766016838,"Tenerife South site 2","Western Sahara site 2",FALSE,"Off-Diagonal"
60,3,10,0.0909090909090909,1,0.0909090909090909,0.0909090909090909,0.375,1,0.375,0.411764705882353,0.545454545454545,0.0909090909090909,0.545454545454545,0.636363636363636,0.444444444444444,0.166666666666667,0.444444444444444,0.5,0.318181818181818,0.545454545454545,0.318181818181818,0.363636363636364,-0.408248290463863,0.218217890235992,-0.408248290463863,-0.325395686727984,"Tenerife South site 2","Western Sahara site 1",FALSE,"Off-Diagonal"
60,3,11,0.272727272727273,0.909090909090909,0.272727272727273,0.272727272727273,0.466666666666667,0.666666666666667,0.466666666666667,0.466666666666667,0.636363636363636,0.181818181818182,0.636363636363636,0.636363636363636,0.538461538461539,0.285714285714286,0.538461538461539,0.538461538461539,0.454545454545455,0.545454545454545,0.454545454545455,0.454545454545455,-0.0975900072948533,0.132453235706504,-0.0975900072948533,-0.0975900072948533,"Tenerife South site 2","El Hierro site 2",FALSE,"Off-Diagonal"
60,3,12,0.1,0.9,0.1,0.1,0.307692307692308,0.5,0.307692307692308,0.357142857142857,0.4,0.1,0.4,0.5,0.347826086956522,0.166666666666667,0.347826086956522,0.416666666666667,0.25,0.5,0.25,0.3,-0.524142418360959,0,-0.524142418360959,-0.436435780471985,"Tenerife South site 2","El Hierro site 1",FALSE,"Off-Diagonal"
60,3,13,0.5625,0.9375,0.5,0.4375,0.5625,0.75,0.555555555555556,0.571428571428571,0.5625,0.1875,0.625,0.75,0.5625,0.3,0.588235294117647,0.648648648648649,0.5625,0.5625,0.5625,0.59375,0.125,0.188982236504614,0.125988157669742,0.197385508487931,"Tenerife South site 2","La Gomera site 2",FALSE,"Off-Diagonal"
60,3,14,0.307692307692308,0.923076923076923,0.307692307692308,0,0.571428571428571,0.666666666666667,0.571428571428571,0.48,0.923076923076923,0.153846153846154,0.923076923076923,0.923076923076923,0.705882352941177,0.25,0.705882352941177,0.631578947368421,0.615384615384615,0.538461538461539,0.615384615384615,0.461538461538462,0.29277002188456,0.120385853085769,0.29277002188456,-0.2,"Tenerife South site 2","La Gomera site 1",FALSE,"Off-Diagonal"
60,4,1,0.428571428571429,1,0.428571428571429,0.142857142857143,0.6,1,0.6,0.52,0.857142857142857,0.142857142857143,0.857142857142857,0.928571428571429,0.705882352941176,0.25,0.705882352941176,0.666666666666667,0.642857142857143,0.571428571428571,0.642857142857143,0.535714285714286,0.316227766016838,0.277350098112615,0.316227766016838,0.115470053837925,"Tenerife South site 1","Tenerife Teno site 1",FALSE,"Off-Diagonal"
60,4,2,0.263157894736842,0.947368421052632,0.263157894736842,0.157894736842105,0.416666666666667,0.833333333333333,0.44,0.384615384615385,0.526315789473684,0.263157894736842,0.578947368421053,0.526315789473684,0.465116279069767,0.4,0.5,0.444444444444444,0.394736842105263,0.605263157894737,0.421052631578947,0.342105263157895,-0.218217890235992,0.288675134594813,-0.166410058867569,-0.339683110243379,"Tenerife South site 1","Tenerife Teno site 2",FALSE,"Off-Diagonal"
60,4,3,0.315789473684211,0.947368421052632,0.315789473684211,0.315789473684211,0.409090909090909,0.833333333333333,0.409090909090909,0.434782608695652,0.473684210526316,0.263157894736842,0.473684210526316,0.526315789473684,0.439024390243902,0.4,0.439024390243902,0.476190476190476,0.394736842105263,0.605263157894737,0.394736842105263,0.421052631578947,-0.21320071635561,0.288675134594813,-0.21320071635561,-0.16151457061745,"Tenerife South site 1","Tenerife South site 2",FALSE,"Off-Diagonal"
60,4,4,0.214285714285714,1,0.142857142857143,0.214285714285714,0.3125,1,0.368421052631579,0.352941176470588,0.357142857142857,0.214285714285714,0.5,0.428571428571429,0.333333333333333,0.352941176470588,0.424242424242424,0.387096774193548,0.285714285714286,0.607142857142857,0.321428571428571,0.321428571428571,-0.433012701892219,0.346410161513775,-0.382359556450936,-0.365636212063565,"Tenerife South site 1","Tenerife South site 1",TRUE,"Diagonal"
60,4,5,0.545454545454545,0.909090909090909,0.545454545454545,0.181818181818182,0.642857142857143,0.75,0.642857142857143,0.526315789473684,0.818181818181818,0.272727272727273,0.818181818181818,0.909090909090909,0.72,0.4,0.72,0.666666666666667,0.681818181818182,0.590909090909091,0.681818181818182,0.545454545454545,0.377964473009227,0.235702260395516,0.377964473009227,0.132453235706504,"Tenerife South site 1","Gran Canaria site 2",FALSE,"Off-Diagonal"
60,4,6,0.0666666666666667,0.733333333333333,0.0666666666666667,0,0.461538461538462,0.666666666666667,0.461538461538462,0.464285714285714,0.8,0.533333333333333,0.8,0.866666666666667,0.585365853658537,0.592592592592593,0.585365853658537,0.604651162790698,0.433333333333333,0.633333333333333,0.433333333333333,0.433333333333333,-0.196116135138184,0.272165526975909,-0.196116135138184,-0.267261241912424,"Tenerife South site 1","Gran Canaria site 1",FALSE,"Off-Diagonal"
60,4,7,0.727272727272727,0.909090909090909,0.727272727272727,0.0909090909090909,0.625,0.5,0.625,0.411764705882353,0.454545454545455,0.0909090909090909,0.454545454545455,0.636363636363636,0.526315789473684,0.153846153846154,0.526315789473684,0.5,0.590909090909091,0.5,0.590909090909091,0.363636363636364,0.188982236504614,0,0.188982236504614,-0.325395686727984,"Tenerife South site 1","Fuerteventura site 2",FALSE,"Off-Diagonal"
60,4,8,0.454545454545455,1,0.454545454545455,0.454545454545455,0.4,1,0.4,0.538461538461538,0.363636363636364,0.181818181818182,0.363636363636364,0.636363636363636,0.380952380952381,0.307692307692308,0.380952380952381,0.583333333333333,0.409090909090909,0.590909090909091,0.409090909090909,0.545454545454545,-0.182574185835055,0.316227766016838,-0.182574185835055,0.0924500327042048,"Tenerife South site 1","Fuerteventura site 1",FALSE,"Off-Diagonal"
60,4,9,0.384615384615385,0.923076923076923,0.384615384615385,0.0769230769230769,0.333333333333333,0.666666666666667,0.333333333333333,0.25,0.307692307692308,0.153846153846154,0.307692307692308,0.307692307692308,0.32,0.25,0.32,0.275862068965517,0.346153846153846,0.538461538461539,0.346153846153846,0.192307692307692,-0.308606699924184,0.120385853085769,-0.308606699924184,-0.632455532033676,"Tenerife South site 1","Western Sahara site 2",FALSE,"Off-Diagonal"
60,4,10,0.363636363636364,1,0.272727272727273,0.181818181818182,0.222222222222222,1,0.272727272727273,0.307692307692308,0.181818181818182,0.0909090909090909,0.272727272727273,0.363636363636364,0.2,0.166666666666667,0.272727272727273,0.333333333333333,0.272727272727273,0.545454545454545,0.272727272727273,0.272727272727273,-0.462250163521024,0.218217890235992,-0.454545454545455,-0.462250163521024,"Tenerife South site 1","Western Sahara site 1",FALSE,"Off-Diagonal"
60,4,11,0.272727272727273,0.727272727272727,0.272727272727273,0.181818181818182,0.333333333333333,0.25,0.333333333333333,0.4,0.363636363636364,0.0909090909090909,0.363636363636364,0.545454545454545,0.347826086956522,0.133333333333333,0.347826086956522,0.461538461538462,0.318181818181818,0.409090909090909,0.318181818181818,0.363636363636364,-0.365148371670111,-0.235702260395516,-0.365148371670111,-0.29277002188456,"Tenerife South site 1","El Hierro site 2",FALSE,"Off-Diagonal"
60,4,12,0.4,1,0.4,0.2,0.142857142857143,1,0.142857142857143,0.428571428571429,0.1,0.1,0.1,0.6,0.117647058823529,0.181818181818182,0.117647058823529,0.5,0.25,0.55,0.25,0.4,-0.524142418360959,0.229415733870562,-0.524142418360959,-0.218217890235992,"Tenerife South site 1","El Hierro site 1",FALSE,"Off-Diagonal"
60,4,13,0.3125,1,0.3125,0.0625,0.521739130434783,1,0.521739130434783,0.444444444444444,0.75,0.3125,0.75,0.75,0.615384615384615,0.476190476190476,0.615384615384615,0.558139534883721,0.53125,0.65625,0.53125,0.40625,0.0695048046856916,0.430331482911935,0.0695048046856916,-0.258198889747161,"Tenerife South site 1","La Gomera site 2",FALSE,"Off-Diagonal"
60,4,14,0.461538461538462,0.846153846153846,0.461538461538462,0.0769230769230769,0.533333333333333,0.6,0.533333333333333,0.428571428571429,0.615384615384615,0.230769230769231,0.615384615384615,0.692307692307692,0.571428571428572,0.333333333333333,0.571428571428572,0.529411764705882,0.538461538461539,0.538461538461538,0.538461538461539,0.384615384615385,0.0778498944161523,0.0975900072948533,0.0778498944161523,-0.29277002188456,"Tenerife South site 1","La Gomera site 1",FALSE,"Off-Diagonal"
60,5,1,0.214285714285714,1,0.214285714285714,0,0.45,1,0.45,0.391304347826087,0.642857142857143,0.142857142857143,0.642857142857143,0.642857142857143,0.529411764705882,0.25,0.529411764705882,0.486486486486487,0.428571428571429,0.571428571428571,0.428571428571429,0.321428571428571,-0.158113883008419,0.277350098112615,-0.158113883008419,-0.466252404120157,"Gran Canaria site 2","Tenerife Teno site 1",FALSE,"Off-Diagonal"
60,5,2,0.0526315789473684,0.947368421052632,0.0526315789473684,0,0.454545454545455,0.75,0.470588235294118,0.457142857142857,0.789473684210526,0.157894736842105,0.842105263157895,0.842105263157895,0.576923076923077,0.260869565217391,0.60377358490566,0.592592592592593,0.421052631578947,0.552631578947368,0.447368421052632,0.421052631578947,-0.233549683248457,0.171498585142509,-0.171498585142509,-0.29277002188456,"Gran Canaria site 2","Tenerife Teno site 2",FALSE,"Off-Diagonal"
60,5,3,0.315789473684211,0.842105263157895,0.315789473684211,0.210526315789474,0.409090909090909,0.571428571428571,0.409090909090909,0.4,0.473684210526316,0.210526315789474,0.473684210526316,0.526315789473684,0.439024390243902,0.307692307692308,0.439024390243902,0.454545454545455,0.394736842105263,0.526315789473684,0.394736842105263,0.368421052631579,-0.21320071635561,0.0678844233302131,-0.21320071635561,-0.277350098112615,"Gran Canaria site 2","Tenerife South site 2",FALSE,"Off-Diagonal"
60,5,4,0.5,1,0.5,0.214285714285714,0.533333333333333,1,0.533333333333333,0.45,0.571428571428571,0.214285714285714,0.571428571428571,0.642857142857143,0.551724137931034,0.352941176470588,0.551724137931034,0.529411764705882,0.535714285714286,0.607142857142857,0.535714285714286,0.428571428571429,0.0716114874039433,0.346410161513775,0.0716114874039433,-0.158113883008419,"Gran Canaria site 2","Tenerife South site 1",FALSE,"Off-Diagonal"
60,5,5,0.454545454545455,0.909090909090909,0.454545454545455,0.181818181818182,0.4,0.666666666666667,0.4,0.4,0.363636363636364,0.181818181818182,0.363636363636364,0.545454545454545,0.380952380952381,0.285714285714286,0.380952380952381,0.461538461538462,0.409090909090909,0.545454545454545,0.409090909090909,0.363636363636364,-0.182574185835055,0.132453235706504,-0.182574185835055,-0.29277002188456,"Gran Canaria site 2","Gran Canaria site 2",TRUE,"Diagonal"
60,5,6,0.333333333333333,1,0.333333333333333,0.2,0.523809523809524,1,0.523809523809524,0.5,0.733333333333333,0.2,0.733333333333333,0.8,0.611111111111111,0.333333333333333,0.611111111111111,0.615384615384615,0.533333333333333,0.6,0.533333333333333,0.5,0.0727392967453308,0.333333333333333,0.0727392967453308,0,"Gran Canaria site 2","Gran Canaria site 1",FALSE,"Off-Diagonal"
60,5,7,0.454545454545455,1,0.454545454545455,0.272727272727273,0.454545454545455,1,0.454545454545455,0.384615384615385,0.454545454545455,0.0909090909090909,0.454545454545455,0.454545454545455,0.454545454545455,0.166666666666667,0.454545454545455,0.416666666666667,0.454545454545455,0.545454545454545,0.454545454545455,0.363636363636364,-0.0909090909090909,0.218217890235992,-0.0909090909090909,-0.277350098112615,"Gran Canaria site 2","Fuerteventura site 2",FALSE,"Off-Diagonal"
60,5,8,0.363636363636364,0.909090909090909,0.363636363636364,0.181818181818182,0.363636363636364,0.75,0.363636363636364,0.357142857142857,0.363636363636364,0.272727272727273,0.363636363636364,0.454545454545455,0.363636363636364,0.4,0.363636363636364,0.4,0.363636363636364,0.590909090909091,0.363636363636364,0.318181818181818,-0.272727272727273,0.235702260395516,-0.272727272727273,-0.377964473009227,"Gran Canaria site 2","Fuerteventura site 1",FALSE,"Off-Diagonal"
60,5,9,0.384615384615385,0.923076923076923,0.384615384615385,0.230769230769231,0.428571428571429,0.666666666666667,0.428571428571429,0.411764705882353,0.461538461538462,0.153846153846154,0.461538461538462,0.538461538461538,0.444444444444444,0.25,0.444444444444444,0.466666666666667,0.423076923076923,0.538461538461539,0.423076923076923,0.384615384615385,-0.154303349962092,0.120385853085769,-0.154303349962092,-0.242535625036333,"Gran Canaria site 2","Western Sahara site 2",FALSE,"Off-Diagonal"
60,5,10,0.363636363636364,1,0.363636363636364,0.0909090909090909,0.416666666666667,1,0.416666666666667,0.444444444444444,0.454545454545455,0.0909090909090909,0.454545454545455,0.727272727272727,0.434782608695652,0.166666666666667,0.434782608695652,0.551724137931034,0.409090909090909,0.545454545454545,0.409090909090909,0.409090909090909,-0.182574185835055,0.218217890235992,-0.182574185835055,-0.235702260395516,"Gran Canaria site 2","Western Sahara site 1",FALSE,"Off-Diagonal"
60,5,11,0.363636363636364,1,0.272727272727273,0.272727272727273,0.3,1,0.384615384615385,0.466666666666667,0.272727272727273,0.0909090909090909,0.454545454545455,0.636363636363636,0.285714285714286,0.166666666666667,0.416666666666667,0.538461538461539,0.318181818181818,0.545454545454545,0.363636363636364,0.454545454545455,-0.365148371670111,0.218217890235992,-0.277350098112615,-0.0975900072948533,"Gran Canaria site 2","El Hierro site 2",FALSE,"Off-Diagonal"
60,5,12,0.3,1,0.3,0.1,0.363636363636364,1,0.363636363636364,0.4,0.4,0.3,0.4,0.6,0.380952380952381,0.461538461538462,0.380952380952381,0.48,0.35,0.65,0.35,0.35,-0.301511344577764,0.420084025208403,-0.301511344577764,-0.346410161513775,"Gran Canaria site 2","El Hierro site 1",FALSE,"Off-Diagonal"
60,5,13,0.25,0.9375,0.25,0.125,0.454545454545455,0.75,0.454545454545455,0.44,0.625,0.1875,0.625,0.6875,0.526315789473684,0.3,0.526315789473684,0.536585365853659,0.4375,0.5625,0.4375,0.40625,-0.134839972492648,0.188982236504614,-0.134839972492648,-0.226778683805536,"Gran Canaria site 2","La Gomera site 2",FALSE,"Off-Diagonal"
60,5,14,0.384615384615385,1,0.384615384615385,0.153846153846154,0.428571428571429,1,0.428571428571429,0.388888888888889,0.461538461538462,0.0769230769230769,0.461538461538462,0.538461538461538,0.444444444444444,0.142857142857143,0.444444444444444,0.451612903225806,0.423076923076923,0.538461538461538,0.423076923076923,0.346153846153846,-0.154303349962092,0.2,-0.154303349962092,-0.333333333333333,"Gran Canaria site 2","La Gomera site 1",FALSE,"Off-Diagonal"
60,6,1,0.5,1,0.5,0.285714285714286,0.5625,1,0.5625,0.473684210526316,0.642857142857143,0.285714285714286,0.642857142857143,0.642857142857143,0.6,0.444444444444444,0.6,0.545454545454545,0.571428571428571,0.642857142857143,0.571428571428571,0.464285714285714,0.144337567297406,0.408248290463863,0.144337567297406,-0.0764719112901873,"Gran Canaria site 1","Tenerife Teno site 1",FALSE,"Off-Diagonal"
60,6,2,0.105263157894737,0.947368421052632,0.105263157894737,0.0526315789473684,0.451612903225806,0.8,0.451612903225806,0.470588235294118,0.736842105263158,0.210526315789474,0.736842105263158,0.842105263157895,0.56,0.333333333333333,0.56,0.60377358490566,0.421052631578947,0.578947368421053,0.421052631578947,0.447368421052632,-0.203653269990639,0.233549683248457,-0.203653269990639,-0.171498585142509,"Gran Canaria site 1","Tenerife Teno site 2",FALSE,"Off-Diagonal"
60,6,3,0.210526315789474,0.947368421052632,0.210526315789474,0.157894736842105,0.285714285714286,0.75,0.285714285714286,0.272727272727273,0.315789473684211,0.157894736842105,0.315789473684211,0.315789473684211,0.3,0.260869565217391,0.3,0.292682926829268,0.263157894736842,0.552631578947368,0.263157894736842,0.236842105263158,-0.476330511622467,0.171498585142509,-0.476330511622467,-0.533001790889026,"Gran Canaria site 1","Tenerife South site 2",FALSE,"Off-Diagonal"
60,6,4,0.214285714285714,0.857142857142857,0.214285714285714,0,0.521739130434783,0.666666666666667,0.521739130434783,0.481481481481481,0.857142857142857,0.285714285714286,0.857142857142857,0.928571428571429,0.648648648648649,0.4,0.648648648648649,0.634146341463415,0.535714285714286,0.571428571428571,0.535714285714286,0.464285714285714,0.0932504808240314,0.174077655955698,0.0932504808240314,-0.192450089729875,"Gran Canaria site 1","Tenerife South site 1",FALSE,"Off-Diagonal"
60,6,5,0.363636363636364,0.727272727272727,0.363636363636364,0.181818181818182,0.5625,0.625,0.5625,0.526315789473684,0.818181818181818,0.454545454545455,0.818181818181818,0.909090909090909,0.666666666666667,0.526315789473684,0.666666666666667,0.666666666666667,0.590909090909091,0.590909090909091,0.590909090909091,0.545454545454545,0.204124145231932,0.188982236504614,0.204124145231932,0.132453235706504,"Gran Canaria site 1","Gran Canaria site 2",FALSE,"Off-Diagonal"
60,6,6,0.4,0.8,0.4,0.133333333333333,0.5,0.666666666666667,0.5,0.434782608695652,0.6,0.4,0.6,0.666666666666667,0.545454545454545,0.5,0.545454545454545,0.526315789473684,0.5,0.6,0.5,0.4,0,0.218217890235992,0,-0.23643312187173,"Gran Canaria site 1","Gran Canaria site 1",TRUE,"Diagonal"
60,6,7,0.363636363636364,1,0.363636363636364,0.181818181818182,0.416666666666667,1,0.416666666666667,0.357142857142857,0.454545454545455,0.0909090909090909,0.454545454545455,0.454545454545455,0.434782608695652,0.166666666666667,0.434782608695652,0.4,0.409090909090909,0.545454545454545,0.409090909090909,0.318181818181818,-0.182574185835055,0.218217890235992,-0.182574185835055,-0.377964473009227,"Gran Canaria site 1","Fuerteventura site 2",FALSE,"Off-Diagonal"
60,6,8,0.454545454545455,0.818181818181818,0.454545454545455,0.363636363636364,0.4,0.6,0.4,0.416666666666667,0.363636363636364,0.272727272727273,0.363636363636364,0.454545454545455,0.380952380952381,0.375,0.380952380952381,0.434782608695652,0.409090909090909,0.545454545454545,0.409090909090909,0.409090909090909,-0.182574185835055,0.108465228909328,-0.182574185835055,-0.182574185835055,"Gran Canaria site 1","Fuerteventura site 1",FALSE,"Off-Diagonal"
60,6,9,0.230769230769231,0.846153846153846,0.230769230769231,0.153846153846154,0.411764705882353,0.666666666666667,0.411764705882353,0.388888888888889,0.538461538461538,0.307692307692308,0.538461538461538,0.538461538461538,0.466666666666667,0.421052631578947,0.466666666666667,0.451612903225806,0.384615384615385,0.576923076923077,0.384615384615385,0.346153846153846,-0.242535625036333,0.182574185835055,-0.242535625036333,-0.333333333333333,"Gran Canaria site 1","Western Sahara site 2",FALSE,"Off-Diagonal"
60,6,10,0.0909090909090909,1,0.0909090909090909,0,0.333333333333333,1,0.333333333333333,0.421052631578947,0.454545454545455,0.181818181818182,0.454545454545455,0.727272727272727,0.384615384615385,0.307692307692308,0.384615384615385,0.533333333333333,0.272727272727273,0.590909090909091,0.272727272727273,0.363636363636364,-0.487950036474267,0.316227766016838,-0.487950036474267,-0.397359707119513,"Gran Canaria site 1","Western Sahara site 1",FALSE,"Off-Diagonal"
60,6,11,0.363636363636364,1,0.363636363636364,0.0909090909090909,0.363636363636364,1,0.363636363636364,0.285714285714286,0.363636363636364,0.0909090909090909,0.363636363636364,0.363636363636364,0.363636363636364,0.166666666666667,0.363636363636364,0.32,0.363636363636364,0.545454545454545,0.363636363636364,0.227272727272727,-0.272727272727273,0.218217890235992,-0.272727272727273,-0.566946709513841,"Gran Canaria site 1","El Hierro site 2",FALSE,"Off-Diagonal"
60,6,12,0.5,1,0.3,0.2,0.5,1,0.461538461538462,0.466666666666667,0.5,0.2,0.6,0.7,0.5,0.333333333333333,0.521739130434783,0.56,0.5,0.6,0.45,0.45,0,0.333333333333333,-0.104828483672192,-0.115470053837925,"Gran Canaria site 1","El Hierro site 1",FALSE,"Off-Diagonal"
60,6,13,0.4375,0.9375,0.4375,0.1875,0.5,0.75,0.5,0.458333333333333,0.5625,0.1875,0.5625,0.6875,0.529411764705882,0.3,0.529411764705882,0.55,0.5,0.5625,0.5,0.4375,0,0.188982236504614,0,-0.144337567297406,"Gran Canaria site 1","La Gomera site 2",FALSE,"Off-Diagonal"
60,6,14,0.153846153846154,0.923076923076923,0.153846153846154,0.0769230769230769,0.476190476190476,0.666666666666667,0.476190476190476,0.454545454545455,0.769230769230769,0.153846153846154,0.769230769230769,0.769230769230769,0.588235294117647,0.25,0.588235294117647,0.571428571428571,0.461538461538462,0.538461538461539,0.461538461538462,0.423076923076923,-0.0975900072948533,0.120385853085769,-0.0975900072948533,-0.21320071635561,"Gran Canaria site 1","La Gomera site 1",FALSE,"Off-Diagonal"
60,7,1,0.357142857142857,0.857142857142857,0.357142857142857,0.0714285714285714,0.4,0.333333333333333,0.4,0.458333333333333,0.428571428571429,0.0714285714285714,0.428571428571429,0.785714285714286,0.413793103448276,0.117647058823529,0.413793103448276,0.578947368421053,0.392857142857143,0.464285714285714,0.392857142857143,0.428571428571429,-0.21483446221183,-0.115470053837925,-0.21483446221183,-0.204124145231931,"Fuerteventura site 2","Tenerife Teno site 1",FALSE,"Off-Diagonal"
60,7,2,0.263157894736842,0.947368421052632,0.263157894736842,0.210526315789474,0.416666666666667,0.5,0.416666666666667,0.423076923076923,0.526315789473684,0.0526315789473684,0.526315789473684,0.578947368421053,0.465116279069767,0.0952380952380952,0.465116279069767,0.488888888888889,0.394736842105263,0.5,0.394736842105263,0.394736842105263,-0.218217890235992,0,-0.218217890235992,-0.226455406828919,"Fuerteventura site 2","Tenerife Teno site 2",FALSE,"Off-Diagonal"
60,7,3,0.263157894736842,1,0.263157894736842,0.105263157894737,0.391304347826087,1,0.391304347826087,0.37037037037037,0.473684210526316,0.0526315789473684,0.473684210526316,0.526315789473684,0.428571428571429,0.1,0.428571428571429,0.434782608695652,0.368421052631579,0.526315789473684,0.368421052631579,0.315789473684211,-0.269190951029083,0.164398987305357,-0.269190951029083,-0.406181197229962,"Fuerteventura site 2","Tenerife South site 2",FALSE,"Off-Diagonal"
60,7,4,0.285714285714286,1,0.285714285714286,0.214285714285714,0.473684210526316,1,0.473684210526316,0.45,0.642857142857143,0.0714285714285714,0.642857142857143,0.642857142857143,0.545454545454545,0.133333333333333,0.545454545454545,0.529411764705882,0.464285714285714,0.535714285714286,0.464285714285714,0.428571428571429,-0.0764719112901873,0.192450089729875,-0.0764719112901873,-0.158113883008419,"Fuerteventura site 2","Tenerife South site 1",FALSE,"Off-Diagonal"
60,7,5,0.454545454545455,0.727272727272727,0.454545454545455,0.363636363636364,0.4,0.25,0.4,0.5,0.363636363636364,0.0909090909090909,0.363636363636364,0.636363636363636,0.380952380952381,0.133333333333333,0.380952380952381,0.56,0.409090909090909,0.409090909090909,0.409090909090909,0.5,-0.182574185835055,-0.235702260395516,-0.182574185835055,0,"Fuerteventura site 2","Gran Canaria site 2",FALSE,"Off-Diagonal"
60,7,6,0.266666666666667,0.8,0.266666666666667,0.0666666666666667,0.476190476190476,0.5,0.476190476190476,0.5,0.666666666666667,0.2,0.666666666666667,0.933333333333333,0.555555555555556,0.285714285714286,0.555555555555556,0.651162790697674,0.466666666666667,0.5,0.466666666666667,0.5,-0.0727392967453308,0,-0.0727392967453308,0,"Fuerteventura site 2","Gran Canaria site 1",FALSE,"Off-Diagonal"
60,7,7,0.545454545454545,0.909090909090909,0.363636363636364,0.454545454545455,0.285714285714286,0.666666666666667,0.3,0.25,0.181818181818182,0.181818181818182,0.272727272727273,0.181818181818182,0.222222222222222,0.285714285714286,0.285714285714286,0.210526315789474,0.363636363636364,0.545454545454545,0.318181818181818,0.318181818181818,-0.29277002188456,0.132453235706504,-0.365148371670111,-0.377964473009227,"Fuerteventura site 2","Fuerteventura site 2",TRUE,"Diagonal"
60,7,8,0.454545454545455,0.909090909090909,0.454545454545455,0.272727272727273,0.4,0.8,0.4,0.384615384615385,0.363636363636364,0.363636363636364,0.363636363636364,0.454545454545455,0.380952380952381,0.5,0.380952380952381,0.416666666666667,0.409090909090909,0.636363636363636,0.409090909090909,0.363636363636364,-0.182574185835055,0.325395686727984,-0.182574185835055,-0.277350098112615,"Fuerteventura site 2","Fuerteventura site 1",FALSE,"Off-Diagonal"
60,7,9,0.461538461538462,1,0.307692307692308,0.307692307692308,0.461538461538462,1,0.4,0.4375,0.461538461538462,0.153846153846154,0.461538461538462,0.538461538461538,0.461538461538462,0.266666666666667,0.428571428571429,0.482758620689655,0.461538461538462,0.576923076923077,0.384615384615385,0.423076923076923,-0.0769230769230769,0.288675134594813,-0.233549683248457,-0.158113883008419,"Fuerteventura site 2","Western Sahara site 2",FALSE,"Off-Diagonal"
60,7,10,0.454545454545455,1,0.454545454545455,0.181818181818182,0.4,1,0.4,0.357142857142857,0.363636363636364,0.181818181818182,0.363636363636364,0.454545454545455,0.380952380952381,0.307692307692308,0.380952380952381,0.4,0.409090909090909,0.590909090909091,0.409090909090909,0.318181818181818,-0.182574185835055,0.316227766016838,-0.182574185835055,-0.377964473009227,"Fuerteventura site 2","Western Sahara site 1",FALSE,"Off-Diagonal"
60,7,11,0.545454545454545,0.909090909090909,0.545454545454545,0.181818181818182,0.444444444444444,0,0.444444444444444,0.4375,0.363636363636364,0,0.363636363636364,0.636363636363636,0.4,NA,0.4,0.518518518518518,0.454545454545455,0.454545454545455,0.454545454545455,0.409090909090909,-0.0924500327042048,-0.218217890235992,-0.0924500327042048,-0.204124145231932,"Fuerteventura site 2","El Hierro site 2",FALSE,"Off-Diagonal"
60,7,12,0.4,0.9,0.4,0.1,0.4,0.666666666666667,0.4,0.4,0.4,0.2,0.4,0.6,0.4,0.307692307692308,0.4,0.48,0.4,0.55,0.4,0.35,-0.2,0.140028008402801,-0.2,-0.346410161513775,"Fuerteventura site 2","El Hierro site 1",FALSE,"Off-Diagonal"
60,7,13,0.1875,1,0.1875,0.0625,0.5,1,0.5,0.464285714285714,0.8125,0.1875,0.8125,0.8125,0.619047619047619,0.315789473684211,0.619047619047619,0.590909090909091,0.5,0.59375,0.5,0.4375,0,0.321633760451338,0,-0.188982236504614,"Fuerteventura site 2","La Gomera site 2",FALSE,"Off-Diagonal"
60,7,14,0.384615384615385,0.692307692307692,0.384615384615385,0.230769230769231,0.466666666666667,0.333333333333333,0.466666666666667,0.473684210526316,0.538461538461538,0.153846153846154,0.538461538461538,0.692307692307692,0.5,0.210526315789474,0.5,0.5625,0.461538461538462,0.423076923076923,0.461538461538462,0.461538461538462,-0.0778498944161523,-0.182574185835055,-0.0778498944161523,-0.086710996952412,"Fuerteventura site 2","La Gomera site 1",FALSE,"Off-Diagonal"
60,8,1,0.285714285714286,0.928571428571429,0.285714285714286,0.214285714285714,0.5,0.666666666666667,0.5,0.476190476190476,0.714285714285714,0.142857142857143,0.714285714285714,0.714285714285714,0.588235294117647,0.235294117647059,0.588235294117647,0.571428571428571,0.5,0.535714285714286,0.5,0.464285714285714,0,0.115470053837925,0,-0.0824786098842323,"Fuerteventura site 1","Tenerife Teno site 1",FALSE,"Off-Diagonal"
60,8,2,0.157894736842105,1,0.157894736842105,0.157894736842105,0.466666666666667,1,0.483870967741935,0.466666666666667,0.736842105263158,0.157894736842105,0.789473684210526,0.736842105263158,0.571428571428571,0.272727272727273,0.6,0.571428571428571,0.447368421052632,0.578947368421053,0.473684210526316,0.447368421052632,-0.129099444873581,0.29277002188456,-0.0678844233302131,-0.129099444873581,"Fuerteventura site 1","Tenerife Teno site 2",FALSE,"Off-Diagonal"
60,8,3,0.210526315789474,0.947368421052632,0.210526315789474,0.105263157894737,0.4,0.5,0.423076923076923,0.433333333333333,0.526315789473684,0.0526315789473684,0.578947368421053,0.684210526315789,0.454545454545455,0.0952380952380952,0.488888888888889,0.530612244897959,0.368421052631579,0.5,0.394736842105263,0.394736842105263,-0.277350098112615,0,-0.226455406828919,-0.258198889747161,"Fuerteventura site 1","Tenerife South site 2",FALSE,"Off-Diagonal"
60,8,4,0.142857142857143,1,0.142857142857143,0.0714285714285714,0.478260869565217,1,0.5,0.48,0.785714285714286,0.0714285714285714,0.857142857142857,0.857142857142857,0.594594594594595,0.133333333333333,0.631578947368421,0.615384615384615,0.464285714285714,0.535714285714286,0.5,0.464285714285714,-0.0932504808240314,0.192450089729875,0,-0.115470053837925,"Fuerteventura site 1","Tenerife South site 1",FALSE,"Off-Diagonal"
60,8,5,0.363636363636364,0.909090909090909,0.272727272727273,0.181818181818182,0.5,0.666666666666667,0.466666666666667,0.5,0.636363636363636,0.181818181818182,0.636363636363636,0.818181818181818,0.56,0.285714285714286,0.538461538461539,0.620689655172414,0.5,0.545454545454545,0.454545454545455,0.5,0,0.132453235706504,-0.0975900072948533,0,"Fuerteventura site 1","Gran Canaria site 2",FALSE,"Off-Diagonal"
60,8,6,0.2,0.933333333333333,0.2,0,0.52,0.8,0.52,0.464285714285714,0.866666666666667,0.266666666666667,0.866666666666667,0.866666666666667,0.65,0.4,0.65,0.604651162790698,0.533333333333333,0.6,0.533333333333333,0.433333333333333,0.0894427190999916,0.268328157299975,0.0894427190999916,-0.267261241912424,"Fuerteventura site 1","Gran Canaria site 1",FALSE,"Off-Diagonal"
60,8,7,0.363636363636364,1,0.363636363636364,0.181818181818182,0.416666666666667,1,0.416666666666667,0.4,0.454545454545455,0.272727272727273,0.454545454545455,0.545454545454545,0.434782608695652,0.428571428571429,0.434782608695652,0.461538461538462,0.409090909090909,0.636363636363636,0.409090909090909,0.363636363636364,-0.182574185835055,0.397359707119513,-0.182574185835055,-0.29277002188456,"Fuerteventura site 1","Fuerteventura site 2",FALSE,"Off-Diagonal"
60,8,8,0.545454545454545,0.818181818181818,0.545454545454545,0.181818181818182,0.375,0.333333333333333,0.375,0.4,0.272727272727273,0.0909090909090909,0.272727272727273,0.545454545454545,0.315789473684211,0.142857142857143,0.315789473684211,0.461538461538462,0.409090909090909,0.454545454545455,0.409090909090909,0.363636363636364,-0.188982236504614,-0.132453235706504,-0.188982236504614,-0.29277002188456,"Fuerteventura site 1","Fuerteventura site 1",TRUE,"Diagonal"
60,8,9,0.461538461538462,0.923076923076923,0.461538461538462,0.384615384615385,0.363636363636364,0.5,0.363636363636364,0.384615384615385,0.307692307692308,0.0769230769230769,0.307692307692308,0.384615384615385,0.333333333333333,0.133333333333333,0.333333333333333,0.384615384615385,0.384615384615385,0.5,0.384615384615385,0.384615384615385,-0.233549683248457,0,-0.233549683248457,-0.230769230769231,"Fuerteventura site 1","Western Sahara site 2",FALSE,"Off-Diagonal"
60,8,10,0.545454545454545,0.909090909090909,0.545454545454545,0.0909090909090909,0.545454545454545,0.666666666666667,0.545454545454545,0.411764705882353,0.545454545454545,0.181818181818182,0.545454545454545,0.636363636363636,0.545454545454545,0.285714285714286,0.545454545454545,0.5,0.545454545454545,0.545454545454545,0.545454545454545,0.363636363636364,0.0909090909090909,0.132453235706504,0.0909090909090909,-0.325395686727984,"Fuerteventura site 1","Western Sahara site 1",FALSE,"Off-Diagonal"
60,8,11,0.0909090909090909,1,0,0.0909090909090909,0.333333333333333,1,0.352941176470588,0.375,0.454545454545455,0.181818181818182,0.545454545454545,0.545454545454545,0.384615384615385,0.307692307692308,0.428571428571429,0.444444444444444,0.272727272727273,0.590909090909091,0.272727272727273,0.318181818181818,-0.487950036474267,0.316227766016838,-0.54232614454664,-0.408248290463863,"Fuerteventura site 1","El Hierro site 2",FALSE,"Off-Diagonal"
60,8,12,0.4,1,0.4,0.4,0.5,1,0.5,0.5,0.6,0.1,0.6,0.6,0.545454545454545,0.181818181818182,0.545454545454545,0.545454545454545,0.5,0.55,0.5,0.5,0,0.229415733870562,0,0,"Fuerteventura site 1","El Hierro site 1",FALSE,"Off-Diagonal"
60,8,13,0.125,0.9375,0.125,0,0.44,0.666666666666667,0.44,0.407407407407407,0.6875,0.125,0.6875,0.6875,0.536585365853659,0.210526315789474,0.536585365853659,0.511627906976744,0.40625,0.53125,0.40625,0.34375,-0.226778683805536,0.107211253483779,-0.226778683805536,-0.430331482911935,"Fuerteventura site 1","La Gomera site 2",FALSE,"Off-Diagonal"
60,8,14,0.230769230769231,0.846153846153846,0.230769230769231,0.0769230769230769,0.473684210526316,0.666666666666667,0.5,0.454545454545455,0.692307692307692,0.307692307692308,0.769230769230769,0.769230769230769,0.5625,0.421052631578947,0.606060606060606,0.571428571428571,0.461538461538462,0.576923076923077,0.5,0.423076923076923,-0.086710996952412,0.182574185835055,0,-0.21320071635561,"Fuerteventura site 1","La Gomera site 1",FALSE,"Off-Diagonal"
60,9,1,0.142857142857143,1,0.142857142857143,0.142857142857143,0.333333333333333,1,0.333333333333333,0.333333333333333,0.428571428571429,0.142857142857143,0.428571428571429,0.428571428571429,0.375,0.25,0.375,0.375,0.285714285714286,0.571428571428571,0.285714285714286,0.285714285714286,-0.447213595499958,0.277350098112615,-0.447213595499958,-0.447213595499958,"Western Sahara site 2","Tenerife Teno site 1",FALSE,"Off-Diagonal"
60,9,2,0.210526315789474,0.947368421052632,0.210526315789474,0.0526315789473684,0.464285714285714,0.833333333333333,0.464285714285714,0.454545454545455,0.684210526315789,0.263157894736842,0.684210526315789,0.789473684210526,0.553191489361702,0.4,0.553191489361702,0.576923076923077,0.447368421052632,0.605263157894737,0.447368421052632,0.421052631578947,-0.119522860933439,0.288675134594813,-0.119522860933439,-0.233549683248457,"Western Sahara site 2","Tenerife Teno site 2",FALSE,"Off-Diagonal"
60,9,3,0.105263157894737,0.947368421052632,0.105263157894737,0.0526315789473684,0.413793103448276,0,0.413793103448276,0.419354838709677,0.631578947368421,0,0.631578947368421,0.684210526315789,0.5,NA,0.5,0.52,0.368421052631579,0.473684210526316,0.368421052631579,0.368421052631579,-0.309492230295086,-0.164398987305357,-0.309492230295086,-0.339422116651065,"Western Sahara site 2","Tenerife South site 2",FALSE,"Off-Diagonal"
60,9,4,0.357142857142857,1,0.285714285714286,0.214285714285714,0.307692307692308,1,0.333333333333333,0.421052631578947,0.285714285714286,0.0714285714285714,0.357142857142857,0.571428571428571,0.296296296296296,0.133333333333333,0.344827586206897,0.484848484848485,0.321428571428571,0.535714285714286,0.321428571428571,0.392857142857143,-0.358057437019716,0.192450089729875,-0.358057437019716,-0.229415733870562,"Western Sahara site 2","Tenerife South site 1",FALSE,"Off-Diagonal"
60,9,5,0.454545454545455,1,0.363636363636364,0.363636363636364,0.454545454545455,1,0.416666666666667,0.416666666666667,0.454545454545455,0.0909090909090909,0.454545454545455,0.454545454545455,0.454545454545455,0.166666666666667,0.434782608695652,0.434782608695652,0.454545454545455,0.545454545454545,0.409090909090909,0.409090909090909,-0.0909090909090909,0.218217890235992,-0.182574185835055,-0.182574185835055,"Western Sahara site 2","Gran Canaria site 2",FALSE,"Off-Diagonal"
60,9,6,0.466666666666667,0.866666666666667,0.466666666666667,0.133333333333333,0.5,0.666666666666667,0.5,0.458333333333333,0.533333333333333,0.266666666666667,0.533333333333333,0.733333333333333,0.516129032258065,0.380952380952381,0.516129032258065,0.564102564102564,0.5,0.566666666666667,0.5,0.433333333333333,0,0.166666666666667,0,-0.166666666666667,"Western Sahara site 2","Gran Canaria site 1",FALSE,"Off-Diagonal"
60,9,7,0.363636363636364,1,0.272727272727273,0.272727272727273,0.416666666666667,1,0.428571428571429,0.384615384615385,0.454545454545455,0.0909090909090909,0.545454545454545,0.454545454545455,0.434782608695652,0.166666666666667,0.48,0.416666666666667,0.409090909090909,0.545454545454545,0.409090909090909,0.363636363636364,-0.182574185835055,0.218217890235992,-0.188982236504614,-0.277350098112615,"Western Sahara site 2","Fuerteventura site 2",FALSE,"Off-Diagonal"
60,9,8,0.545454545454545,0.818181818181818,0.545454545454545,0.181818181818182,0.444444444444444,0.5,0.444444444444444,0.357142857142857,0.363636363636364,0.181818181818182,0.363636363636364,0.454545454545455,0.4,0.266666666666667,0.4,0.4,0.454545454545455,0.5,0.454545454545455,0.318181818181818,-0.0924500327042048,0,-0.0924500327042048,-0.377964473009227,"Western Sahara site 2","Fuerteventura site 1",FALSE,"Off-Diagonal"
60,9,9,0.692307692307692,1,0.692307692307692,0.153846153846154,0.6,1,0.6,0.45,0.461538461538462,0.230769230769231,0.461538461538462,0.692307692307692,0.521739130434783,0.375,0.521739130434783,0.545454545454546,0.576923076923077,0.615384615384615,0.576923076923077,0.423076923076923,0.158113883008419,0.361157559257308,0.158113883008419,-0.182574185835055,"Western Sahara site 2","Western Sahara site 2",TRUE,"Diagonal"
60,9,10,0.0909090909090909,0.909090909090909,0.0909090909090909,0.0909090909090909,0.375,0.666666666666667,0.375,0.375,0.545454545454545,0.181818181818182,0.545454545454545,0.545454545454545,0.444444444444444,0.285714285714286,0.444444444444444,0.444444444444444,0.318181818181818,0.545454545454545,0.318181818181818,0.318181818181818,-0.408248290463863,0.132453235706504,-0.408248290463863,-0.408248290463863,"Western Sahara site 2","Western Sahara site 1",FALSE,"Off-Diagonal"
60,9,11,0.545454545454545,1,0.545454545454545,0.0909090909090909,0.444444444444444,1,0.444444444444444,0.333333333333333,0.363636363636364,0.272727272727273,0.363636363636364,0.454545454545455,0.4,0.428571428571429,0.4,0.384615384615385,0.454545454545455,0.636363636363636,0.454545454545455,0.272727272727273,-0.0924500327042048,0.397359707119513,-0.0924500327042048,-0.487950036474267,"Western Sahara site 2","El Hierro site 2",FALSE,"Off-Diagonal"
60,9,12,0.2,1,0.2,0.2,0.272727272727273,1,0.272727272727273,0.272727272727273,0.3,0.2,0.3,0.3,0.285714285714286,0.333333333333333,0.285714285714286,0.285714285714286,0.25,0.6,0.25,0.25,-0.502518907629606,0.333333333333333,-0.502518907629606,-0.502518907629606,"Western Sahara site 2","El Hierro site 1",FALSE,"Off-Diagonal"
60,9,13,0.125,1,0.125,0.125,0.416666666666667,1,0.416666666666667,0.44,0.625,0.25,0.625,0.6875,0.5,0.4,0.5,0.536585365853659,0.375,0.625,0.375,0.40625,-0.288675134594813,0.377964473009227,-0.288675134594813,-0.226778683805536,"Western Sahara site 2","La Gomera site 2",FALSE,"Off-Diagonal"
60,9,14,0.461538461538462,0.846153846153846,0.384615384615385,0.384615384615385,0.222222222222222,0,0.272727272727273,0.333333333333333,0.153846153846154,0,0.230769230769231,0.307692307692308,0.181818181818182,NA,0.25,0.32,0.307692307692308,0.423076923076923,0.307692307692308,0.346153846153846,-0.404226041727222,-0.288675134594813,-0.389249472080761,-0.308606699924184,"Western Sahara site 2","La Gomera site 1",FALSE,"Off-Diagonal"
60,10,1,0.357142857142857,1,0.214285714285714,0.285714285714286,0.4,NA,0.388888888888889,0.473684210526316,0.428571428571429,0,0.5,0.642857142857143,0.413793103448276,NA,0.4375,0.545454545454545,0.392857142857143,0.5,0.357142857142857,0.464285714285714,-0.21483446221183,NA,-0.298142396999972,-0.0764719112901873,"Western Sahara site 1","Tenerife Teno site 1",FALSE,"Off-Diagonal"
60,10,2,0.315789473684211,0.894736842105263,0.263157894736842,0.157894736842105,0.48,0.5,0.461538461538462,0.448275862068966,0.631578947368421,0.105263157894737,0.631578947368421,0.684210526315789,0.545454545454545,0.173913043478261,0.533333333333333,0.541666666666667,0.473684210526316,0.5,0.447368421052632,0.421052631578947,-0.0554700196225229,0,-0.11322770341446,-0.185695338177052,"Western Sahara site 1","Tenerife Teno site 2",FALSE,"Off-Diagonal"
60,10,3,0.368421052631579,0.894736842105263,0.368421052631579,0.368421052631579,0.454545454545455,0.333333333333333,0.454545454545455,0.454545454545455,0.526315789473684,0.0526315789473684,0.526315789473684,0.526315789473684,0.48780487804878,0.0909090909090909,0.48780487804878,0.48780487804878,0.447368421052632,0.473684210526316,0.447368421052632,0.447368421052632,-0.106600358177805,-0.0975900072948533,-0.106600358177805,-0.106600358177805,"Western Sahara site 1","Tenerife South site 2",FALSE,"Off-Diagonal"
60,10,4,0.285714285714286,1,0.285714285714286,0.0714285714285714,0.473684210526316,1,0.473684210526316,0.434782608695652,0.642857142857143,0.0714285714285714,0.642857142857143,0.714285714285714,0.545454545454545,0.133333333333333,0.545454545454545,0.54054054054054,0.464285714285714,0.535714285714286,0.464285714285714,0.392857142857143,-0.0764719112901873,0.192450089729875,-0.0764719112901873,-0.279751442472094,"Western Sahara site 1","Tenerife South site 1",FALSE,"Off-Diagonal"
60,10,5,0.363636363636364,0.909090909090909,0.272727272727273,0.272727272727273,0.416666666666667,0.666666666666667,0.384615384615385,0.384615384615385,0.454545454545455,0.181818181818182,0.454545454545455,0.454545454545455,0.434782608695652,0.285714285714286,0.416666666666667,0.416666666666667,0.409090909090909,0.545454545454545,0.363636363636364,0.363636363636364,-0.182574185835055,0.132453235706504,-0.277350098112615,-0.277350098112615,"Western Sahara site 1","Gran Canaria site 2",FALSE,"Off-Diagonal"
60,10,6,0.2,1,0.2,0.133333333333333,0.454545454545455,1,0.454545454545455,0.434782608695652,0.666666666666667,0.2,0.666666666666667,0.666666666666667,0.54054054054054,0.333333333333333,0.54054054054054,0.526315789473684,0.433333333333333,0.6,0.433333333333333,0.4,-0.150755672288882,0.333333333333333,-0.150755672288882,-0.23643312187173,"Western Sahara site 1","Gran Canaria site 1",FALSE,"Off-Diagonal"
60,10,7,0.272727272727273,1,0.272727272727273,0.272727272727273,0.384615384615385,1,0.384615384615385,0.428571428571429,0.454545454545455,0.363636363636364,0.454545454545455,0.545454545454545,0.416666666666667,0.533333333333333,0.416666666666667,0.48,0.363636363636364,0.681818181818182,0.363636363636364,0.409090909090909,-0.277350098112615,0.471404520791032,-0.277350098112615,-0.188982236504614,"Western Sahara site 1","Fuerteventura site 2",FALSE,"Off-Diagonal"
60,10,8,0.454545454545455,0.909090909090909,0.454545454545455,0.363636363636364,0.4,0.8,0.4,0.533333333333333,0.363636363636364,0.363636363636364,0.363636363636364,0.727272727272727,0.380952380952381,0.5,0.380952380952381,0.615384615384615,0.409090909090909,0.636363636363636,0.409090909090909,0.545454545454545,-0.182574185835055,0.325395686727984,-0.182574185835055,0.0975900072948533,"Western Sahara site 1","Fuerteventura site 1",FALSE,"Off-Diagonal"
60,10,9,0.384615384615385,0.846153846153846,0.384615384615385,0.153846153846154,0.428571428571429,0.333333333333333,0.428571428571429,0.45,0.461538461538462,0.0769230769230769,0.461538461538462,0.692307692307692,0.444444444444444,0.125,0.444444444444444,0.545454545454546,0.423076923076923,0.461538461538462,0.423076923076923,0.423076923076923,-0.154303349962092,-0.120385853085769,-0.154303349962092,-0.182574185835055,"Western Sahara site 1","Western Sahara site 2",FALSE,"Off-Diagonal"
60,10,10,0.545454545454545,1,0.363636363636364,0.545454545454545,0.285714285714286,NA,0.363636363636364,0.375,0.181818181818182,0,0.363636363636364,0.272727272727273,0.222222222222222,NA,0.363636363636364,0.315789473684211,0.363636363636364,0.5,0.363636363636364,0.409090909090909,-0.29277002188456,NA,-0.272727272727273,-0.188982236504614,"Western Sahara site 1","Western Sahara site 1",TRUE,"Diagonal"
60,10,11,0.545454545454545,1,0.545454545454545,0.181818181818182,0.285714285714286,1,0.285714285714286,0.25,0.181818181818182,0.0909090909090909,0.181818181818182,0.272727272727273,0.222222222222222,0.166666666666667,0.222222222222222,0.260869565217391,0.363636363636364,0.545454545454545,0.363636363636364,0.227272727272727,-0.29277002188456,0.218217890235992,-0.29277002188456,-0.547722557505166,"Western Sahara site 1","El Hierro site 2",FALSE,"Off-Diagonal"
60,10,12,0.2,1,0.2,0.1,0.466666666666667,1,0.466666666666667,0.4375,0.7,0.4,0.7,0.7,0.56,0.571428571428572,0.56,0.538461538461538,0.45,0.7,0.45,0.4,-0.115470053837925,0.5,-0.115470053837925,-0.25,"Western Sahara site 1","El Hierro site 1",FALSE,"Off-Diagonal"
60,10,13,0.3125,0.9375,0.3125,0.125,0.3125,0.666666666666667,0.3125,0.416666666666667,0.3125,0.125,0.3125,0.625,0.3125,0.210526315789474,0.3125,0.5,0.3125,0.53125,0.3125,0.375,-0.375,0.107211253483779,-0.375,-0.288675134594813,"Western Sahara site 1","La Gomera site 2",FALSE,"Off-Diagonal"
60,10,14,0.0769230769230769,0.769230769230769,0.0769230769230769,0,0.5,0.625,0.5,0.48,0.923076923076923,0.384615384615385,0.923076923076923,0.923076923076923,0.648648648648649,0.476190476190476,0.648648648648649,0.631578947368421,0.5,0.576923076923077,0.5,0.461538461538462,0,0.166666666666667,0,-0.2,"Western Sahara site 1","La Gomera site 1",FALSE,"Off-Diagonal"
60,11,1,0.142857142857143,0.928571428571429,0.142857142857143,0,0.428571428571429,0.75,0.454545454545455,0.44,0.642857142857143,0.214285714285714,0.714285714285714,0.785714285714286,0.514285714285714,0.333333333333333,0.555555555555556,0.564102564102564,0.392857142857143,0.571428571428571,0.428571428571429,0.392857142857143,-0.247435829652697,0.204124145231931,-0.174077655955698,-0.346410161513775,"El Hierro site 2","Tenerife Teno site 1",FALSE,"Off-Diagonal"
60,11,2,0.105263157894737,0.947368421052632,0.105263157894737,0.105263157894737,0.451612903225806,0.666666666666667,0.451612903225806,0.484848484848485,0.736842105263158,0.105263157894737,0.736842105263158,0.842105263157895,0.56,0.181818181818182,0.56,0.615384615384615,0.421052631578947,0.526315789473684,0.421052631578947,0.473684210526316,-0.203653269990639,0.0975900072948533,-0.203653269990639,-0.0778498944161523,"El Hierro site 2","Tenerife Teno site 2",FALSE,"Off-Diagonal"
60,11,3,0.578947368421053,0.842105263157895,0.421052631578947,0.421052631578947,0.529411764705882,0.25,0.45,0.476190476190476,0.473684210526316,0.0526315789473684,0.473684210526316,0.526315789473684,0.5,0.0869565217391304,0.461538461538462,0.5,0.526315789473684,0.447368421052632,0.447368421052632,0.473684210526316,0.0529256124024963,-0.171498585142509,-0.105409255338946,-0.0529256124024963,"El Hierro site 2","Tenerife South site 2",FALSE,"Off-Diagonal"
60,11,4,0.214285714285714,0.928571428571429,0.214285714285714,0.0714285714285714,0.5,0.666666666666667,0.5,0.5,0.785714285714286,0.142857142857143,0.785714285714286,0.928571428571429,0.611111111111111,0.235294117647059,0.611111111111111,0.65,0.5,0.535714285714286,0.5,0.5,0,0.115470053837925,0,0,"El Hierro site 2","Tenerife South site 1",FALSE,"Off-Diagonal"
60,11,5,0.454545454545455,1,0.454545454545455,0.454545454545455,0.5,1,0.5,0.5,0.545454545454545,0.0909090909090909,0.545454545454545,0.545454545454545,0.521739130434783,0.166666666666667,0.521739130434783,0.521739130434783,0.5,0.545454545454545,0.5,0.5,0,0.218217890235992,0,0,"El Hierro site 2","Gran Canaria site 2",FALSE,"Off-Diagonal"
60,11,6,0.2,1,0.2,0.2,0.4,1,0.4,0.4,0.533333333333333,0.133333333333333,0.533333333333333,0.533333333333333,0.457142857142857,0.235294117647059,0.457142857142857,0.457142857142857,0.366666666666667,0.566666666666667,0.366666666666667,0.366666666666667,-0.282842712474619,0.267261241912424,-0.282842712474619,-0.282842712474619,"El Hierro site 2","Gran Canaria site 1",FALSE,"Off-Diagonal"
60,11,7,0.454545454545455,0.909090909090909,0.454545454545455,0.181818181818182,0.25,0,0.25,0.357142857142857,0.181818181818182,0,0.181818181818182,0.454545454545455,0.210526315789474,NA,0.210526315789474,0.4,0.318181818181818,0.454545454545455,0.318181818181818,0.318181818181818,-0.377964473009227,-0.218217890235992,-0.377964473009227,-0.377964473009227,"El Hierro site 2","Fuerteventura site 2",FALSE,"Off-Diagonal"
60,11,8,0.636363636363636,0.818181818181818,0.545454545454545,0.545454545454545,0.2,0,0.166666666666667,0.285714285714286,0.0909090909090909,0,0.0909090909090909,0.181818181818182,0.125,NA,0.117647058823529,0.222222222222222,0.363636363636364,0.409090909090909,0.318181818181818,0.363636363636364,-0.325395686727984,-0.316227766016838,-0.408248290463863,-0.29277002188456,"El Hierro site 2","Fuerteventura site 1",FALSE,"Off-Diagonal"
60,11,9,0.384615384615385,0.923076923076923,0.230769230769231,0.384615384615385,0.384615384615385,0,0.375,0.384615384615385,0.384615384615385,0,0.461538461538462,0.384615384615385,0.384615384615385,NA,0.413793103448276,0.384615384615385,0.384615384615385,0.461538461538462,0.346153846153846,0.384615384615385,-0.230769230769231,-0.2,-0.316227766016838,-0.230769230769231,"El Hierro site 2","Western Sahara site 2",FALSE,"Off-Diagonal"
60,11,10,0.454545454545455,0.818181818181818,0.181818181818182,0.454545454545455,0.333333333333333,0.5,0.4375,0.333333333333333,0.272727272727273,0.181818181818182,0.636363636363636,0.272727272727273,0.3,0.266666666666667,0.518518518518518,0.3,0.363636363636364,0.5,0.409090909090909,0.363636363636364,-0.277350098112615,0,-0.204124145231932,-0.277350098112615,"El Hierro site 2","Western Sahara site 1",FALSE,"Off-Diagonal"
60,11,11,0.727272727272727,1,0.545454545454545,0.727272727272727,0.4,1,0.285714285714286,0.5,0.181818181818182,0.0909090909090909,0.181818181818182,0.272727272727273,0.25,0.166666666666667,0.222222222222222,0.352941176470588,0.454545454545455,0.545454545454545,0.363636363636364,0.5,-0.108465228909328,0.218217890235992,-0.29277002188456,0,"El Hierro site 2","El Hierro site 2",TRUE,"Diagonal"
60,11,12,0.3,0.8,0.3,0.1,0.461538461538462,0,0.461538461538462,0.470588235294118,0.6,0,0.6,0.8,0.521739130434783,NA,0.521739130434783,0.592592592592593,0.45,0.4,0.45,0.45,-0.104828483672192,-0.333333333333333,-0.104828483672192,-0.140028008402801,"El Hierro site 2","El Hierro site 1",FALSE,"Off-Diagonal"
60,11,13,0.125,0.9375,0.125,0.0625,0.391304347826087,0.8,0.391304347826087,0.4,0.5625,0.25,0.5625,0.625,0.461538461538462,0.380952380952381,0.461538461538462,0.487804878048781,0.34375,0.59375,0.34375,0.34375,-0.347524023428458,0.258198889747161,-0.347524023428458,-0.377964473009227,"El Hierro site 2","La Gomera site 2",FALSE,"Off-Diagonal"
60,11,14,0.384615384615385,0.923076923076923,0.153846153846154,0.307692307692308,0.529411764705882,0.75,0.5,0.5,0.692307692307692,0.230769230769231,0.846153846153846,0.692307692307692,0.6,0.352941176470588,0.628571428571429,0.580645161290323,0.538461538461538,0.576923076923077,0.5,0.5,0.0808452083454443,0.21320071635561,0,0,"El Hierro site 2","La Gomera site 1",FALSE,"Off-Diagonal"
60,12,1,0.214285714285714,1,0.214285714285714,0.214285714285714,0.421052631578947,1,0.421052631578947,0.421052631578947,0.571428571428571,0.142857142857143,0.571428571428571,0.571428571428571,0.484848484848485,0.25,0.484848484848485,0.484848484848485,0.392857142857143,0.571428571428571,0.392857142857143,0.392857142857143,-0.229415733870562,0.277350098112615,-0.229415733870562,-0.229415733870562,"El Hierro site 1","Tenerife Teno site 1",FALSE,"Off-Diagonal"
60,12,2,0.315789473684211,0.894736842105263,0.315789473684211,0.210526315789474,0.48,0.333333333333333,0.48,0.482758620689655,0.631578947368421,0.0526315789473684,0.631578947368421,0.736842105263158,0.545454545454545,0.0909090909090909,0.545454545454545,0.583333333333333,0.473684210526316,0.473684210526316,0.473684210526316,0.473684210526316,-0.0554700196225229,-0.0975900072948533,-0.0554700196225229,-0.0618984460590173,"El Hierro site 1","Tenerife Teno site 2",FALSE,"Off-Diagonal"
60,12,3,0.526315789473684,1,0.526315789473684,0.315789473684211,0.4375,NA,0.4375,0.380952380952381,0.368421052631579,0,0.368421052631579,0.421052631578947,0.4,NA,0.4,0.4,0.447368421052632,0.5,0.447368421052632,0.368421052631579,-0.106600358177805,NA,-0.106600358177805,-0.264628062012482,"El Hierro site 1","Tenerife South site 2",FALSE,"Off-Diagonal"
60,12,4,0.357142857142857,1,0.357142857142857,0.214285714285714,0.4375,1,0.4375,0.45,0.5,0.142857142857143,0.5,0.642857142857143,0.466666666666667,0.25,0.466666666666667,0.529411764705882,0.428571428571429,0.571428571428571,0.428571428571429,0.428571428571429,-0.144337567297406,0.277350098112615,-0.144337567297406,-0.158113883008419,"El Hierro site 1","Tenerife South site 1",FALSE,"Off-Diagonal"
60,12,5,0.363636363636364,0.909090909090909,0.363636363636364,0.0909090909090909,0.5,0.5,0.5,0.411764705882353,0.636363636363636,0.0909090909090909,0.636363636363636,0.636363636363636,0.56,0.153846153846154,0.56,0.5,0.5,0.5,0.5,0.363636363636364,0,0,0,-0.325395686727984,"El Hierro site 1","Gran Canaria site 2",FALSE,"Off-Diagonal"
60,12,6,0.2,1,0.2,0.2,0.478260869565217,1,0.478260869565217,0.478260869565217,0.733333333333333,0.2,0.733333333333333,0.733333333333333,0.578947368421053,0.333333333333333,0.578947368421053,0.578947368421053,0.466666666666667,0.6,0.466666666666667,0.466666666666667,-0.0788110406239101,0.333333333333333,-0.0788110406239101,-0.0788110406239101,"El Hierro site 1","Gran Canaria site 1",FALSE,"Off-Diagonal"
60,12,7,0.454545454545455,1,0.0909090909090909,0.363636363636364,0.5,1,0.375,0.5,0.545454545454545,0.272727272727273,0.545454545454545,0.636363636363636,0.521739130434783,0.428571428571429,0.444444444444444,0.56,0.5,0.636363636363636,0.318181818181818,0.5,0,0.397359707119513,-0.408248290463863,0,"El Hierro site 1","Fuerteventura site 2",FALSE,"Off-Diagonal"
60,12,8,0.545454545454545,1,0.545454545454545,0.545454545454545,0.444444444444444,NA,0.444444444444444,0.444444444444444,0.363636363636364,0,0.363636363636364,0.363636363636364,0.4,NA,0.4,0.4,0.454545454545455,0.5,0.454545454545455,0.454545454545455,-0.0924500327042048,NA,-0.0924500327042048,-0.0924500327042048,"El Hierro site 1","Fuerteventura site 1",FALSE,"Off-Diagonal"
60,12,9,0.307692307692308,1,0.307692307692308,0.307692307692308,0.4,1,0.4,0.4,0.461538461538462,0.153846153846154,0.461538461538462,0.461538461538462,0.428571428571429,0.266666666666667,0.428571428571429,0.428571428571429,0.384615384615385,0.576923076923077,0.384615384615385,0.384615384615385,-0.233549683248457,0.288675134594813,-0.233549683248457,-0.233549683248457,"El Hierro site 1","Western Sahara site 2",FALSE,"Off-Diagonal"
60,12,10,0.0909090909090909,1,0.0909090909090909,0.0909090909090909,0.375,1,0.375,0.375,0.545454545454545,0.181818181818182,0.545454545454545,0.545454545454545,0.444444444444444,0.307692307692308,0.444444444444444,0.444444444444444,0.318181818181818,0.590909090909091,0.318181818181818,0.318181818181818,-0.408248290463863,0.316227766016838,-0.408248290463863,-0.408248290463863,"El Hierro site 1","Western Sahara site 1",FALSE,"Off-Diagonal"
60,12,11,0.363636363636364,1,0.363636363636364,0.181818181818182,0.5,1,0.5,0.470588235294118,0.636363636363636,0.363636363636364,0.636363636363636,0.727272727272727,0.56,0.533333333333333,0.56,0.571428571428571,0.5,0.681818181818182,0.5,0.454545454545455,0,0.471404520791032,0,-0.108465228909328,"El Hierro site 1","El Hierro site 2",FALSE,"Off-Diagonal"
60,12,12,0.1,1,0.1,0.1,0.357142857142857,1,0.357142857142857,0.4,0.5,0.1,0.5,0.6,0.416666666666667,0.181818181818182,0.416666666666667,0.48,0.3,0.55,0.3,0.35,-0.436435780471985,0.229415733870562,-0.436435780471985,-0.346410161513775,"El Hierro site 1","El Hierro site 1",TRUE,"Diagonal"
60,12,13,0.0625,0.8125,0.0625,0.0625,0.464285714285714,0.4,0.464285714285714,0.464285714285714,0.8125,0.125,0.8125,0.8125,0.590909090909091,0.19047619047619,0.590909090909091,0.590909090909091,0.4375,0.46875,0.4375,0.4375,-0.188982236504614,-0.086066296582387,-0.188982236504614,-0.188982236504614,"El Hierro site 1","La Gomera site 2",FALSE,"Off-Diagonal"
60,12,14,0.230769230769231,0.846153846153846,0.230769230769231,0.230769230769231,0.411764705882353,0.714285714285714,0.411764705882353,0.411764705882353,0.538461538461538,0.384615384615385,0.538461538461538,0.538461538461538,0.466666666666667,0.5,0.466666666666667,0.466666666666667,0.384615384615385,0.615384615384615,0.384615384615385,0.384615384615385,-0.242535625036333,0.260132990857236,-0.242535625036333,-0.242535625036333,"El Hierro site 1","La Gomera site 1",FALSE,"Off-Diagonal"
60,13,1,0.285714285714286,0.928571428571429,0.285714285714286,0.214285714285714,0.444444444444444,0.666666666666667,0.444444444444444,0.476190476190476,0.571428571428571,0.142857142857143,0.571428571428571,0.714285714285714,0.5,0.235294117647059,0.5,0.571428571428571,0.428571428571429,0.535714285714286,0.428571428571429,0.464285714285714,-0.149071198499986,0.115470053837925,-0.149071198499986,-0.0824786098842323,"La Gomera site 2","Tenerife Teno site 1",FALSE,"Off-Diagonal"
60,13,2,0.315789473684211,0.947368421052632,0.315789473684211,0.105263157894737,0.535714285714286,0.833333333333333,0.535714285714286,0.46875,0.789473684210526,0.263157894736842,0.789473684210526,0.789473684210526,0.638297872340425,0.4,0.638297872340425,0.588235294117647,0.552631578947368,0.605263157894737,0.552631578947368,0.447368421052632,0.119522860933439,0.288675134594813,0.119522860933439,-0.144337567297406,"La Gomera site 2","Tenerife Teno site 2",FALSE,"Off-Diagonal"
60,13,3,0.157894736842105,0.842105263157895,0.157894736842105,0.105263157894737,0.36,0.571428571428571,0.36,0.392857142857143,0.473684210526316,0.210526315789474,0.473684210526316,0.578947368421053,0.409090909090909,0.307692307692308,0.409090909090909,0.468085106382979,0.315789473684211,0.526315789473684,0.315789473684211,0.342105263157895,-0.38829013735766,0.0678844233302131,-0.38829013735766,-0.358568582800318,"La Gomera site 2","Tenerife South site 2",FALSE,"Off-Diagonal"
60,13,4,0,1,0,0,0.481481481481481,1,0.481481481481481,0.481481481481481,0.928571428571429,0.285714285714286,0.928571428571429,0.928571428571429,0.634146341463415,0.444444444444444,0.634146341463415,0.634146341463415,0.464285714285714,0.642857142857143,0.464285714285714,0.464285714285714,-0.192450089729875,0.408248290463863,-0.192450089729875,-0.192450089729875,"La Gomera site 2","Tenerife South site 1",FALSE,"Off-Diagonal"
60,13,5,0.454545454545455,1,0.454545454545455,0.272727272727273,0.538461538461538,1,0.538461538461538,0.466666666666667,0.636363636363636,0.0909090909090909,0.636363636363636,0.636363636363636,0.583333333333333,0.166666666666667,0.583333333333333,0.538461538461539,0.545454545454545,0.545454545454545,0.545454545454545,0.454545454545455,0.0924500327042048,0.218217890235992,0.0924500327042048,-0.0975900072948533,"La Gomera site 2","Gran Canaria site 2",FALSE,"Off-Diagonal"
60,13,6,0.133333333333333,0.933333333333333,0.133333333333333,0.0666666666666667,0.458333333333333,0,0.458333333333333,0.481481481481481,0.733333333333333,0,0.733333333333333,0.866666666666667,0.564102564102564,NA,0.564102564102564,0.619047619047619,0.433333333333333,0.466666666666667,0.433333333333333,0.466666666666667,-0.166666666666667,-0.185695338177052,-0.166666666666667,-0.111111111111111,"La Gomera site 2","Gran Canaria site 1",FALSE,"Off-Diagonal"
60,13,7,0.454545454545455,0.909090909090909,0.454545454545455,0.272727272727273,0.5,0.666666666666667,0.538461538461538,0.428571428571429,0.545454545454545,0.181818181818182,0.636363636363636,0.545454545454545,0.521739130434783,0.285714285714286,0.583333333333333,0.48,0.5,0.545454545454545,0.545454545454545,0.409090909090909,0,0.132453235706504,0.0924500327042048,-0.188982236504614,"La Gomera site 2","Fuerteventura site 2",FALSE,"Off-Diagonal"
60,13,8,0.272727272727273,0.818181818181818,0.272727272727273,0.181818181818182,0.428571428571429,0.714285714285714,0.428571428571429,0.5,0.545454545454545,0.454545454545455,0.545454545454545,0.818181818181818,0.48,0.555555555555556,0.48,0.620689655172414,0.409090909090909,0.636363636363636,0.409090909090909,0.5,-0.188982236504614,0.29277002188456,-0.188982236504614,0,"La Gomera site 2","Fuerteventura site 1",FALSE,"Off-Diagonal"
60,13,9,0.461538461538462,0.923076923076923,0.461538461538462,0.230769230769231,0.3,0,0.3,0.333333333333333,0.230769230769231,0,0.230769230769231,0.384615384615385,0.260869565217391,NA,0.260869565217391,0.357142857142857,0.346153846153846,0.461538461538462,0.346153846153846,0.307692307692308,-0.316227766016838,-0.2,-0.316227766016838,-0.389249472080761,"La Gomera site 2","Western Sahara site 2",FALSE,"Off-Diagonal"
60,13,10,0.545454545454545,0.909090909090909,0.272727272727273,0.454545454545455,0.166666666666667,0,0.333333333333333,0.25,0.0909090909090909,0,0.363636363636364,0.181818181818182,0.117647058823529,NA,0.347826086956522,0.210526315789474,0.318181818181818,0.454545454545455,0.318181818181818,0.318181818181818,-0.408248290463863,-0.218217890235992,-0.365148371670111,-0.377964473009227,"La Gomera site 2","Western Sahara site 1",FALSE,"Off-Diagonal"
60,13,11,0.363636363636364,1,0.363636363636364,0.272727272727273,0.3,NA,0.3,0.333333333333333,0.272727272727273,0,0.272727272727273,0.363636363636364,0.285714285714286,NA,0.285714285714286,0.347826086956522,0.318181818181818,0.5,0.318181818181818,0.318181818181818,-0.365148371670111,NA,-0.365148371670111,-0.365148371670111,"La Gomera site 2","El Hierro site 2",FALSE,"Off-Diagonal"
60,13,12,0.4,1,0.4,0.2,0.333333333333333,1,0.333333333333333,0.384615384615385,0.3,0.2,0.3,0.5,0.315789473684211,0.333333333333333,0.315789473684211,0.434782608695652,0.35,0.6,0.35,0.35,-0.301511344577764,0.333333333333333,-0.301511344577764,-0.314485451016575,"La Gomera site 2","El Hierro site 1",FALSE,"Off-Diagonal"
60,13,13,0.0625,0.9375,0.0625,0.0625,0.318181818181818,0.666666666666667,0.318181818181818,0.4,0.4375,0.125,0.4375,0.625,0.368421052631579,0.210526315789474,0.368421052631579,0.487804878048781,0.25,0.53125,0.25,0.34375,-0.539359889970594,0.107211253483779,-0.539359889970594,-0.377964473009227,"La Gomera site 2","La Gomera site 2",TRUE,"Diagonal"
60,13,14,0.307692307692308,1,0.307692307692308,0.0769230769230769,0.55,1,0.55,0.5,0.846153846153846,0.461538461538462,0.846153846153846,0.923076923076923,0.666666666666667,0.631578947368421,0.666666666666667,0.648648648648649,0.576923076923077,0.730769230769231,0.576923076923077,0.5,0.182574185835055,0.547722557505166,0.182574185835055,0,"La Gomera site 2","La Gomera site 1",FALSE,"Off-Diagonal"
60,14,1,0.285714285714286,1,0.285714285714286,0.0714285714285714,0.473684210526316,1,0.473684210526316,0.434782608695652,0.642857142857143,0.214285714285714,0.642857142857143,0.714285714285714,0.545454545454545,0.352941176470588,0.545454545454545,0.54054054054054,0.464285714285714,0.607142857142857,0.464285714285714,0.392857142857143,-0.0764719112901873,0.346410161513775,-0.0764719112901873,-0.279751442472094,"La Gomera site 1","Tenerife Teno site 1",FALSE,"Off-Diagonal"
60,14,2,0.368421052631579,1,0.315789473684211,0.157894736842105,0.478260869565217,1,0.48,0.448275862068966,0.578947368421053,0.0526315789473684,0.631578947368421,0.684210526315789,0.523809523809524,0.1,0.545454545454545,0.541666666666667,0.473684210526316,0.526315789473684,0.473684210526316,0.421052631578947,-0.0538381902058165,0.164398987305357,-0.0554700196225229,-0.185695338177052,"La Gomera site 1","Tenerife Teno site 2",FALSE,"Off-Diagonal"
60,14,3,0.157894736842105,0.947368421052632,0.157894736842105,0.105263157894737,0.384615384615385,0.833333333333333,0.384615384615385,0.433333333333333,0.526315789473684,0.263157894736842,0.526315789473684,0.684210526315789,0.444444444444444,0.4,0.444444444444444,0.530612244897959,0.342105263157895,0.605263157894737,0.342105263157895,0.394736842105263,-0.339683110243379,0.288675134594813,-0.339683110243379,-0.258198889747161,"La Gomera site 1","Tenerife South site 2",FALSE,"Off-Diagonal"
60,14,4,0.285714285714286,1,0.285714285714286,0.142857142857143,0.5,1,0.5,0.478260869565217,0.714285714285714,0.214285714285714,0.714285714285714,0.785714285714286,0.588235294117647,0.352941176470588,0.588235294117647,0.594594594594595,0.5,0.607142857142857,0.5,0.464285714285714,0,0.346410161513775,0,-0.0932504808240314,"La Gomera site 1","Tenerife South site 1",FALSE,"Off-Diagonal"
60,14,5,0.545454545454545,0.909090909090909,0.545454545454545,0.545454545454545,0.5,0.75,0.5,0.615384615384615,0.454545454545455,0.272727272727273,0.454545454545455,0.727272727272727,0.476190476190476,0.4,0.476190476190476,0.666666666666667,0.5,0.590909090909091,0.5,0.636363636363636,0,0.235702260395516,0,0.277350098112615,"La Gomera site 1","Gran Canaria site 2",FALSE,"Off-Diagonal"
60,14,6,0.2,1,0.2,0.0666666666666667,0.5,1,0.5,0.461538461538462,0.8,0.2,0.8,0.8,0.615384615384615,0.333333333333333,0.615384615384615,0.585365853658537,0.5,0.6,0.5,0.433333333333333,0,0.333333333333333,0,-0.196116135138184,"La Gomera site 1","Gran Canaria site 1",FALSE,"Off-Diagonal"
60,14,7,0.818181818181818,1,0.818181818181818,0.727272727272727,0.714285714285714,1,0.714285714285714,0.7,0.454545454545455,0.181818181818182,0.454545454545455,0.636363636363636,0.555555555555556,0.307692307692308,0.555555555555556,0.666666666666667,0.636363636363636,0.590909090909091,0.636363636363636,0.681818181818182,0.29277002188456,0.316227766016838,0.29277002188456,0.365148371670111,"La Gomera site 1","Fuerteventura site 2",FALSE,"Off-Diagonal"
60,14,8,0.454545454545455,0.727272727272727,0.454545454545455,0.272727272727273,0.454545454545455,0.25,0.454545454545455,0.428571428571429,0.454545454545455,0.0909090909090909,0.454545454545455,0.545454545454545,0.454545454545455,0.133333333333333,0.454545454545455,0.48,0.454545454545455,0.409090909090909,0.454545454545455,0.409090909090909,-0.0909090909090909,-0.235702260395516,-0.0909090909090909,-0.188982236504614,"La Gomera site 1","Fuerteventura site 1",FALSE,"Off-Diagonal"
60,14,9,0.307692307692308,1,0.307692307692308,0.0769230769230769,0.357142857142857,1,0.357142857142857,0.333333333333333,0.384615384615385,0.0769230769230769,0.384615384615385,0.461538461538462,0.37037037037037,0.142857142857143,0.37037037037037,0.387096774193548,0.346153846153846,0.538461538461538,0.346153846153846,0.269230769230769,-0.308606699924184,0.2,-0.308606699924184,-0.5,"La Gomera site 1","Western Sahara site 2",FALSE,"Off-Diagonal"
60,14,10,0.363636363636364,0.818181818181818,0.363636363636364,0.0909090909090909,0.363636363636364,0,0.363636363636364,0.333333333333333,0.363636363636364,0,0.363636363636364,0.454545454545455,0.363636363636364,NA,0.363636363636364,0.384615384615385,0.363636363636364,0.409090909090909,0.363636363636364,0.272727272727273,-0.272727272727273,-0.316227766016838,-0.272727272727273,-0.487950036474267,"La Gomera site 1","Western Sahara site 1",FALSE,"Off-Diagonal"
60,14,11,0.272727272727273,0.909090909090909,0.272727272727273,0.181818181818182,0.428571428571429,0.666666666666667,0.428571428571429,0.4,0.545454545454545,0.181818181818182,0.545454545454545,0.545454545454545,0.48,0.285714285714286,0.48,0.461538461538462,0.409090909090909,0.545454545454545,0.409090909090909,0.363636363636364,-0.188982236504614,0.132453235706504,-0.188982236504614,-0.29277002188456,"La Gomera site 1","El Hierro site 2",FALSE,"Off-Diagonal"
60,14,12,0.2,1,0.2,0,0.529411764705882,1,0.529411764705882,0.473684210526316,0.9,0.6,0.9,0.9,0.666666666666667,0.75,0.666666666666667,0.620689655172414,0.55,0.8,0.55,0.45,0.140028008402801,0.654653670707977,0.140028008402801,-0.229415733870562,"La Gomera site 1","El Hierro site 1",FALSE,"Off-Diagonal"
60,14,13,0.5625,1,0.5625,0.4375,0.588235294117647,1,0.588235294117647,0.526315789473684,0.625,0.4375,0.625,0.625,0.606060606060606,0.608695652173913,0.606060606060606,0.571428571428571,0.59375,0.71875,0.59375,0.53125,0.187867287325545,0.529150262212918,0.187867287325545,0.0636284762975778,"La Gomera site 1","La Gomera site 2",FALSE,"Off-Diagonal"
60,14,14,0.461538461538462,1,0.461538461538462,0.153846153846154,0.5,1,0.5,0.45,0.538461538461538,0.0769230769230769,0.538461538461538,0.692307692307692,0.518518518518519,0.142857142857143,0.518518518518519,0.545454545454546,0.5,0.538461538461538,0.5,0.423076923076923,0,0.2,0,-0.182574185835055,"La Gomera site 1","La Gomera site 1",TRUE,"Diagonal"
