emln_id,train_layer,test_layer,TP,FN,TN,FP,specificity,precision,recall,f1_score,balanced_accuracy,mcc
60,1,1,11,3,4.8,9.2,0.34285714285714286,0.5504180795125068,0.7857142857142857,0.645671535733705,0.5642857142857143,0.1310283697479023
60,1,2,15.1,3.9,4.1,14.9,0.2157894736842105,0.5062328236897202,0.7947368421052632,0.6175406528511924,0.5052631578947369,-0.0018120342482348493
60,1,3,19,0,3.1,15.9,0.16315789473684209,0.5451723342899814,1,0.7054206834395513,0.581578947368421,0.2921539096992583
60,1,4,13,1,4.2,9.8,0.3,0.5716452098626011,0.9285714285714286,0.7072239156449682,0.6142857142857143,0.2888235526312721
60,1,5,9.6,1.4,1.5,9.5,0.13636363636363635,0.503484200697823,0.8727272727272727,0.638116822924943,0.5045454545454545,-6.503636637652854e-4
60,1,6,14.1,0.9,2.1,12.9,0.14,0.5244363395225464,0.9400000000000001,0.6724248241831906,0.54,0.09130738641986325
60,1,7,9,2,2.6,8.4,0.23636363636363636,0.5191331269349845,0.8181818181818182,0.6346494884425918,0.5272727272727272,0.05941777018153679
60,2,1,14,0,1.3,12.7,0.09285714285714285,0.5255868945868946,1,0.6886498140285047,0.5464285714285714,0.25740127271567914
60,2,2,18,1,2.9,16.1,0.15263157894736842,0.5285341864018335,0.9473684210526315,0.6783236445389609,0.5499999999999999,0.15393588489566154
60,2,3,18,1,3.5,15.5,0.18421052631578946,0.5391647465437788,0.9473684210526315,0.6866737967914438,0.5657894736842105,0.18376396589711294
60,2,4,14,0,3.3,10.7,0.2357142857142857,0.5701736315214576,1,0.7252594067356584,0.6178571428571429,0.38088858918911367
60,2,5,11,0,1.3,9.7,0.11818181818181818,0.5324185463659148,1,0.6945698924731183,0.5590909090909091,0.27736432076424955
60,2,6,14,1,1.8,13.2,0.12,0.5157995873857942,0.9333333333333333,0.6640906512659207,0.5266666666666666,0.06225030845555724
60,2,7,11,0,2.2,8.8,0.2,0.55874932429112,1,0.715952314741247,0.6,0.3439510313687057
60,3,1,13,1,2.5,11.5,0.17857142857142855,0.5320466988727858,0.9285714285714286,0.6760675502203101,0.5535714285714286,0.14014626896640456
60,3,2,17.5,1.5,2.6,16.4,0.13684210526315788,0.5170482826958159,0.9210526315789473,0.6618912031364861,0.5289473684210526,0.07685165948599658
60,3,3,18,1,4.7,14.3,0.24736842105263157,0.5588960497233578,0.9473684210526315,0.7025595776772248,0.5973684210526315,0.2640438140586311
60,3,4,13,1,2.8,11.2,0.19999999999999998,0.5390368906455862,0.9285714285714286,0.6815568199778725,0.5642857142857143,0.1730720518272524
60,3,5,7,4,2.2,8.8,0.2,0.44443627450980394,0.6363636363636364,0.522951566951567,0.41818181818181815,-0.18665921142053327
60,3,6,13.7,1.3,1.9,13.1,0.12666666666666668,0.5115498575498575,0.9133333333333333,0.6555462820408935,0.52,0.05972237955603894
60,3,7,8,3,2.7,8.3,0.24545454545454545,0.4940242763772175,0.7272727272727273,0.5874052180259076,0.4863636363636364,-0.0400063931932929
60,4,1,12.3,1.7,1.7,12.3,0.12142857142857143,0.5003478260869565,0.8785714285714286,0.6373275704854652,0.5,-0.004443914602778756
60,4,2,17,2,2.9,16.1,0.15263157894736842,0.5145896464646464,0.8947368421052632,0.653097567302419,0.5236842105263158,0.055608366872981325
60,4,3,17,2,2.7,16.3,0.14210526315789473,0.5114604280128474,0.8947368421052632,0.6505809815621136,0.5184210526315789,0.043431398710513054
60,4,4,14,0,2.3,11.7,0.16428571428571428,0.5464169904169904,1,0.7061580154263082,0.5821428571428571,0.2917643897516307
60,4,5,10,1,2,9,0.18181818181818182,0.5274853801169591,0.9090909090909091,0.6672599184278828,0.5454545454545454,0.12077155129950722
60,4,6,14,1,1.4,13.6,0.09333333333333334,0.5076628352490421,0.9333333333333333,0.6575052854122622,0.5133333333333333,0.02952759903125629
60,4,7,10,1,2.7,8.3,0.24545454545454545,0.5496959310039805,0.9090909090909091,0.6841772310209462,0.5772727272727273,0.18128350262833953
60,5,1,12.2,1.8,2.9,11.1,0.20714285714285713,0.5265966299147077,0.8714285714285714,0.655264020000862,0.5392857142857143,0.09170158300103948
60,5,2,17.6,1.4,2.9,16.1,0.15263157894736842,0.5227516233766234,0.9263157894736842,0.668169270611002,0.5394736842105263,0.11928820902736931
60,5,3,18,1,2.4,16.6,0.12631578947368421,0.5207715813598166,0.9473684210526315,0.6719320930641686,0.5368421052631579,0.1176775136514147
60,5,4,11,3,2.8,11.2,0.19999999999999998,0.49857796665576987,0.7857142857142857,0.6091336449231186,0.4928571428571428,-0.035041688834426654
60,5,5,10,1,2.1,8.9,0.19090909090909092,0.5307533539731683,0.9090909090909091,0.669722972615075,0.5499999999999999,0.12974089393275406
60,5,6,15,0,1.5,13.5,0.1,0.5268609742747674,1,0.6899627504278667,0.55,0.2551287774061949
60,5,7,10,1,3.2,7.8,0.2909090909090909,0.56671826625387,0.9090909090909091,0.6966874060311212,0.6,0.2405762247982578
60,6,1,13,1,3.6,10.4,0.2571428571428571,0.5568467908902691,0.9285714285714286,0.6958125042335568,0.5928571428571429,0.24503386599213453
60,6,2,15.8,3.2,4.1,14.9,0.2157894736842105,0.5163217906121786,0.831578947368421,0.6365146046933949,0.5236842105263158,0.050661260058671234
60,6,3,17,2,3.4,15.6,0.17894736842105263,0.5228792242703533,0.8947368421052632,0.6596211583165761,0.5368421052631579,0.09159062597216319
60,6,4,13.6,0.4,3,11,0.21428571428571427,0.5537976588628762,0.9714285714285714,0.7049881460407776,0.5928571428571429,0.2862998171048523
60,6,5,10,1,2.2,8.8,0.2,0.5352750749422576,0.9090909090909091,0.6728014960773581,0.5545454545454545,0.11951766356479003
60,6,6,13,2,3.9,11.1,0.26,0.5409894598155468,0.8666666666666667,0.6656960297910234,0.5633333333333334,0.15230294817262707
60,6,7,9,2,4.2,6.8,0.38181818181818183,0.5722268907563025,0.8181818181818182,0.67271365416193,0.6,0.2181236348499961
60,7,1,14,0,2.3,11.7,0.16428571428571428,0.5460997150997151,1,0.7060182350811363,0.5821428571428571,0.28956555880500945
60,7,2,18.1,0.9,3.6,15.4,0.1894736842105263,0.54125308041105,0.9526315789473684,0.6900812202965366,0.5710526315789474,0.211213981956296
60,7,3,18,1,3,16,0.15789473684210525,0.5311305300038697,0.9473684210526315,0.680155573616173,0.5526315789473684,0.1342945496665552
60,7,4,12.9,1.1,2,12,0.14285714285714285,0.5186884057971014,0.9214285714285715,0.6635158843053579,0.5321428571428571,0.09457558030557263
60,7,5,9,2,1.1,9.9,0.1,0.47710526315789475,0.8181818181818182,0.6024694104560623,0.4590909090909091,-0.1346043005170027
60,7,6,13.4,1.6,2.1,12.9,0.14,0.5101450956450957,0.8933333333333333,0.6491179807146908,0.5166666666666666,0.04071865012146401
60,7,7,11,0,1,10,0.09090909090909091,0.5247994987468672,1,0.6880510752688173,0.5454545454545454,0.25781098918804474
