"","node_from","node_to","n","mean_pred","sd_pred","p_value","link_id"
"1","Argyranthemum_frutescens","Agromyzidae_sp_1",9,0.749287074023935,0.0801155823415889,0.000516121045058402,"Argyranthemum_frutescens_Agromyzidae_sp_1"
"2","Argyranthemum_frutescens","Amegilla_canifrons",8,0.715390679873067,0.0898194953732694,0.00835704768799269,"Argyranthemum_frutescens_Amegilla_canifrons"
"3","Argyranthemum_frutescens","Amegilla_quadrifasciata",5,0.72753484009947,0.0514849640536703,0.00519380762053165,"Argyranthemum_frutescens_Amegilla_quadrifasciata"
"4","Argyranthemum_frutescens","Anthophora_alluaudi",27,0.85524464905175,0.095379217599902,1.49687049483464e-13,"Argyranthemum_frutescens_Anthophora_alluaudi"
"5","Argyranthemum_frutescens","Anthophora_orotavae",5,0.772977200901549,0.081290157973349,0.0089174685807889,"Argyranthemum_frutescens_Anthophora_orotavae"
"6","Argyranthemum_frutescens","Aprostocetus_occidentalis",5,0.68189902046057,0.0559600379036783,0.030715439700118,"Argyranthemum_frutescens_Aprostocetus_occidentalis"
"7","Argyranthemum_frutescens","Aprostocetus_sp_2",5,0.773357896042769,0.132216439007132,0.0427344638542433,"Argyranthemum_frutescens_Aprostocetus_sp_2"
"8","Argyranthemum_frutescens","Attalus_pallipes",6,0.785622494235681,0.0878635239277538,0.00354051125129772,"Argyranthemum_frutescens_Attalus_pallipes"
"9","Argyranthemum_frutescens","Bassus_sp",6,0.773221429547262,0.0886374954798561,0.00494016478435485,"Argyranthemum_frutescens_Bassus_sp"
"10","Argyranthemum_frutescens","Blaesoxipha_sp_1",8,0.807695870052456,0.0424820850206461,2.44236734529389e-06,"Argyranthemum_frutescens_Blaesoxipha_sp_1"
"11","Argyranthemum_frutescens","Bracon_sp",8,0.730259518440379,0.13463082922623,0.0290608039685949,"Argyranthemum_frutescens_Bracon_sp"
"12","Argyranthemum_frutescens","Ceratogoponidae_sp",5,0.76256415818294,0.0725353788100811,0.00743026645534132,"Argyranthemum_frutescens_Ceratogoponidae_sp"
"13","Argyranthemum_frutescens","Chetogena_acuminata",9,0.759115779570454,0.110120489545779,0.00249588542698905,"Argyranthemum_frutescens_Chetogena_acuminata"
"14","Argyranthemum_frutescens","Chloropidae_sp_5",8,0.762093499182215,0.076494277709799,0.000545777507166438,"Argyranthemum_frutescens_Chloropidae_sp_5"
"15","Argyranthemum_frutescens","Chrysomya_albiceps",8,0.940359085290466,0.0944176918599654,1.88220752453405e-05,"Argyranthemum_frutescens_Chrysomya_albiceps"
"16","Argyranthemum_frutescens","Crematogaster_alluaudi",5,0.740277405342966,0.0781132483863557,0.0159227120125378,"Argyranthemum_frutescens_Crematogaster_alluaudi"
"17","Argyranthemum_frutescens","Cryptocephalus_gounellei",6,0.830897540242308,0.0540412057367037,0.000137367396025605,"Argyranthemum_frutescens_Cryptocephalus_gounellei"
"18","Argyranthemum_frutescens","Dasytes_cf_subaenescens",8,0.767343055317923,0.0975949922236645,0.00185671482864245,"Argyranthemum_frutescens_Dasytes_cf_subaenescens"
"19","Argyranthemum_frutescens","Dinarmoides_spilopterus",11,0.75694525678162,0.111506349223537,0.000883287239049788,"Argyranthemum_frutescens_Dinarmoides_spilopterus"
"20","Argyranthemum_frutescens","Eristalinus_taeniops",7,0.737247803185732,0.0888241768689934,0.00644291766332545,"Argyranthemum_frutescens_Eristalinus_taeniops"
"21","Argyranthemum_frutescens","Estheria_simonyi",15,0.883472116230465,0.0677007433435677,1.80591427827898e-10,"Argyranthemum_frutescens_Estheria_simonyi"
"22","Argyranthemum_frutescens","Eucera_gracilipes",5,0.771458208929646,0.0808546991393977,0.00902559924462997,"Argyranthemum_frutescens_Eucera_gracilipes"
"23","Argyranthemum_frutescens","Euderus_sp",12,0.841877250033934,0.0536088430926214,7.3870268285496e-09,"Argyranthemum_frutescens_Euderus_sp"
"24","Argyranthemum_frutescens","Eumerus_latitarsis",14,0.897752752021945,0.0838574569126977,6.11010089097826e-09,"Argyranthemum_frutescens_Eumerus_latitarsis"
"25","Argyranthemum_frutescens","Eurytoma_sp_1",7,0.726908808514781,0.0729209723940352,0.0036743715551809,"Argyranthemum_frutescens_Eurytoma_sp_1"
"26","Argyranthemum_frutescens","Fannia_sp",9,0.856567375577599,0.116623730135902,0.000169408515858423,"Argyranthemum_frutescens_Fannia_sp"
"27","Argyranthemum_frutescens","Geometridae_sp",9,0.824944018872209,0.10567024697661,0.000212231654003913,"Argyranthemum_frutescens_Geometridae_sp"
"28","Argyranthemum_frutescens","Gnaphosidae_sp_1",9,0.772023214932489,0.115476162226392,0.00208583630465413,"Argyranthemum_frutescens_Gnaphosidae_sp_1"
"29","Argyranthemum_frutescens","Leptochilus_eatoni",13,0.75381754068405,0.10713508426037,0.000230620703275668,"Argyranthemum_frutescens_Leptochilus_eatoni"
"30","Argyranthemum_frutescens","Lucilia_sericata",8,0.811594349983642,0.163505430449789,0.00806709748924294,"Argyranthemum_frutescens_Lucilia_sericata"
"31","Argyranthemum_frutescens","Malthinus_mutabilis",6,0.810405715895885,0.0399465928361555,4.98289386582785e-05,"Argyranthemum_frutescens_Malthinus_mutabilis"
"32","Argyranthemum_frutescens","Meligethes_cf_canariensis",5,0.892772544563346,0.0924961259505266,0.00210324000151422,"Argyranthemum_frutescens_Meligethes_cf_canariensis"
"33","Argyranthemum_frutescens","Monomorium_subopacum",7,0.761342807241493,0.0398477565878106,3.90660921320153e-05,"Argyranthemum_frutescens_Monomorium_subopacum"
"34","Argyranthemum_frutescens","Mordellistena_cf_canariensis",5,0.828046394924187,0.080929165421417,0.00324277367746167,"Argyranthemum_frutescens_Mordellistena_cf_canariensis"
"35","Argyranthemum_frutescens","Musca_domestica",28,0.805048374561441,0.0992136506956742,2.01259590701379e-11,"Argyranthemum_frutescens_Musca_domestica"
"36","Argyranthemum_frutescens","Neodryophilus_cryptophagoides",7,0.752507411449652,0.091012253396187,0.00440681565530568,"Argyranthemum_frutescens_Neodryophilus_cryptophagoides"
"37","Argyranthemum_frutescens","Nomioides_fortunatus",6,0.782558687340305,0.113974131815816,0.0111429418527214,"Argyranthemum_frutescens_Nomioides_fortunatus"
"38","Argyranthemum_frutescens","Phthiria_simonyi",12,0.818346641404049,0.104163414110269,1.62037439266328e-05,"Argyranthemum_frutescens_Phthiria_simonyi"
"39","Argyranthemum_frutescens","Phyto_discrepans",7,0.805011077769841,0.0726613702015135,0.00029815137590242,"Argyranthemum_frutescens_Phyto_discrepans"
"40","Argyranthemum_frutescens","Platypalpus_sp",11,0.69339134525712,0.0829787238750839,0.00389229508941606,"Argyranthemum_frutescens_Platypalpus_sp"
"41","Argyranthemum_frutescens","Sarcophagidae_sp_5",6,0.746864870623419,0.0954753703469103,0.0130507265614997,"Argyranthemum_frutescens_Sarcophagidae_sp_5"
"42","Argyranthemum_frutescens","Sarcophagidae_sp_8",16,0.79763704975362,0.0768214856938869,3.4228668804519e-08,"Argyranthemum_frutescens_Sarcophagidae_sp_8"
"43","Argyranthemum_frutescens","Sciaridae_sp",18,0.808305620279531,0.102310248604911,1.26431847598468e-07,"Argyranthemum_frutescens_Sciaridae_sp"
"44","Argyranthemum_frutescens","Sciaridae_sp_1",9,0.879115570038861,0.0884521489753995,1.27603100117978e-05,"Argyranthemum_frutescens_Sciaridae_sp_1"
"45","Argyranthemum_frutescens","Sibinia_sericea",7,0.819659758465837,0.127380088226937,0.00384097135715646,"Argyranthemum_frutescens_Sibinia_sericea"
"46","Argyranthemum_frutescens","Synthesomyia_nudiseta",14,0.779775031066381,0.122179102980869,0.000101198429266074,"Argyranthemum_frutescens_Synthesomyia_nudiseta"
"47","Argyranthemum_frutescens","Tethina_marmorata",9,0.756954564806954,0.104144680697492,0.00194670573751864,"Argyranthemum_frutescens_Tethina_marmorata"
"48","Argyranthemum_frutescens","Thomisus_cf_onustus",6,0.752935842908247,0.109341446790045,0.0187142782081753,"Argyranthemum_frutescens_Thomisus_cf_onustus"
"49","Argyranthemum_frutescens","Torymoides_lindbergi",15,0.835854871821458,0.0871097392208632,5.17127776196841e-08,"Argyranthemum_frutescens_Torymoides_lindbergi"
"50","Argyranthemum_frutescens","Urelliosoma_guimari",20,0.749757281244304,0.0940758517918247,9.05866451995959e-07,"Argyranthemum_frutescens_Urelliosoma_guimari"
"51","Ceballosia_fruticosa","Anthophora_alluaudi",10,0.729469443719236,0.0881059209134223,0.00120742416861204,"Ceballosia_fruticosa_Anthophora_alluaudi"
"52","Ceballosia_fruticosa","Themnothorax_hesperius",5,0.658743801428737,0.0420462719402834,0.0353875153371794,"Ceballosia_fruticosa_Themnothorax_hesperius"
"53","Ceballosia_fruticosa","Thysanoptera_sp_1",6,0.995848431241112,0.00242274710051515,1.84838509296648e-12,"Ceballosia_fruticosa_Thysanoptera_sp_1"
"54","Ceballosia_fruticosa","Thysanoptera_sp_2",11,0.935828965944142,0.0975438360376664,4.65367312524164e-07,"Ceballosia_fruticosa_Thysanoptera_sp_2"
"55","Ceballosia_fruticosa","Thysanoptera_sp_7",5,0.992154906040309,0.00436484931171342,3.68286600083079e-09,"Ceballosia_fruticosa_Thysanoptera_sp_7"
"56","Euphorbia_balsamifera_f","Alliophleps_elliptica",12,0.776170790508078,0.0992475802266674,7.2175883165577e-05,"Euphorbia_balsamifera_f_Alliophleps_elliptica"
"57","Euphorbia_balsamifera_f","Amegilla_quadrifasciata",48,0.760191385036748,0.086493845218527,5.72948411077767e-17,"Euphorbia_balsamifera_f_Amegilla_quadrifasciata"
"58","Euphorbia_balsamifera_f","Anaspis_cf_eversi",24,0.818536994429113,0.1144090304374,2.63461487726472e-09,"Euphorbia_balsamifera_f_Anaspis_cf_eversi"
"59","Euphorbia_balsamifera_f","Anaspis_proteus",106,0.946919710033808,0.0835309334006959,3.03986800600343e-68,"Euphorbia_balsamifera_f_Anaspis_proteus"
"60","Euphorbia_balsamifera_f","Andrena_vulcana",37,0.783635277570116,0.127632500159808,1.92939920047815e-10,"Euphorbia_balsamifera_f_Andrena_vulcana"
"61","Euphorbia_balsamifera_f","Andrena_wollastoni",8,0.722971448791126,0.0986647415717068,0.00965953254289795,"Euphorbia_balsamifera_f_Andrena_wollastoni"
"62","Euphorbia_balsamifera_f","Anthophora_alluaudi",84,0.892969314363686,0.107475044603327,2.25855420657255e-40,"Euphorbia_balsamifera_f_Anthophora_alluaudi"
"63","Euphorbia_balsamifera_f","Anthophora_orotavae",33,0.735940940802111,0.0726593490992292,3.77316717182856e-12,"Euphorbia_balsamifera_f_Anthophora_orotavae"
"64","Euphorbia_balsamifera_f","Aprostocetus_occidentalis",15,0.654873515792926,0.0409416020630092,0.000136841752978498,"Euphorbia_balsamifera_f_Aprostocetus_occidentalis"
"65","Euphorbia_balsamifera_f","Asteia_caesia",24,0.789735187976598,0.0799449659124898,4.14066998429424e-11,"Euphorbia_balsamifera_f_Asteia_caesia"
"66","Euphorbia_balsamifera_f","Attagenus_wollastoni",32,0.785197704602567,0.102564554060575,1.92622449017365e-11,"Euphorbia_balsamifera_f_Attagenus_wollastoni"
"67","Euphorbia_balsamifera_f","Attalus_chrysanthemi",12,0.6988467596487,0.0988060553397059,0.00528142899641294,"Euphorbia_balsamifera_f_Attalus_chrysanthemi"
"68","Euphorbia_balsamifera_f","Attalus_obscurus",40,0.924737329620033,0.0636514521981431,9.64134897121052e-30,"Euphorbia_balsamifera_f_Attalus_obscurus"
"69","Euphorbia_balsamifera_f","Attalus_olivensis",22,0.956382067336109,0.0467424343789492,2.66801270500724e-20,"Euphorbia_balsamifera_f_Attalus_olivensis"
"70","Euphorbia_balsamifera_f","Attalus_pallipes",6,0.68079781676536,0.0697146173270681,0.0362929244559262,"Euphorbia_balsamifera_f_Attalus_pallipes"
"71","Euphorbia_balsamifera_f","Bassus_sp",8,0.82099893037428,0.0780331029543269,9.03933619740072e-05,"Euphorbia_balsamifera_f_Bassus_sp"
"72","Euphorbia_balsamifera_f","Bombylius_pintuarius",15,0.752906363745852,0.077828763651969,2.44163485772422e-06,"Euphorbia_balsamifera_f_Bombylius_pintuarius"
"73","Euphorbia_balsamifera_f","Bracon_sp",16,0.688216083152663,0.0563843566764296,1.53293657182368e-05,"Euphorbia_balsamifera_f_Bracon_sp"
"74","Euphorbia_balsamifera_f","Campiglossa_martii",19,0.758957221770662,0.0917881163014004,5.54711642282139e-07,"Euphorbia_balsamifera_f_Campiglossa_martii"
"75","Euphorbia_balsamifera_f","Camponotus_cfr_feae",8,0.751968953923468,0.14468329063244,0.0207825247511046,"Euphorbia_balsamifera_f_Camponotus_cfr_feae"
"76","Euphorbia_balsamifera_f","Cephalodromia_sp",9,0.771673825490495,0.0852389752744737,0.000308609362396181,"Euphorbia_balsamifera_f_Cephalodromia_sp"
"77","Euphorbia_balsamifera_f","Chalicodoma_canescens",10,0.691375747379997,0.0925087741001137,0.0122484055737856,"Euphorbia_balsamifera_f_Chalicodoma_canescens"
"78","Euphorbia_balsamifera_f","Chalicodoma_sicula",18,0.804748095788708,0.0958166139851192,6.38696441872146e-08,"Euphorbia_balsamifera_f_Chalicodoma_sicula"
"79","Euphorbia_balsamifera_f","Chloropidae_sp",6,0.678754220591526,0.0512970535466879,0.0131494146880832,"Euphorbia_balsamifera_f_Chloropidae_sp"
"80","Euphorbia_balsamifera_f","Chloropidae_sp_1",10,0.694206877520059,0.145075992336677,0.0702190944422084,"Euphorbia_balsamifera_f_Chloropidae_sp_1"
"81","Euphorbia_balsamifera_f","Chloropidae_sp_2",14,0.833328458706433,0.0751418120256317,3.07588090673282e-08,"Euphorbia_balsamifera_f_Chloropidae_sp_2"
"82","Euphorbia_balsamifera_f","Chloropidae_sp_5",8,0.689319966223787,0.108425206197222,0.0526108392655548,"Euphorbia_balsamifera_f_Chloropidae_sp_5"
"83","Euphorbia_balsamifera_f","Chloropidae_sp_6",8,0.617376828342696,0.00764732149631204,0.000357992651550759,"Euphorbia_balsamifera_f_Chloropidae_sp_6"
"84","Euphorbia_balsamifera_f","Coccinella_miranda",22,0.799908367113557,0.102927048923504,9.65769173032243e-09,"Euphorbia_balsamifera_f_Coccinella_miranda"
"85","Euphorbia_balsamifera_f","Crematogaster_alluaudi",12,0.72208597110162,0.114071987373668,0.00345635991913295,"Euphorbia_balsamifera_f_Crematogaster_alluaudi"
"86","Euphorbia_balsamifera_f","Cryptocephalus_gounellei",5,0.682484401582824,0.0458966791808992,0.0158827531787835,"Euphorbia_balsamifera_f_Cryptocephalus_gounellei"
"87","Euphorbia_balsamifera_f","Cryptocephalus_nubigena",17,0.759143696568,0.0818620102797993,5.4077310484347e-07,"Euphorbia_balsamifera_f_Cryptocephalus_nubigena"
"88","Euphorbia_balsamifera_f","Dasytes_cf_subaenescens",10,0.779516144512521,0.0899465172040445,0.000139104681799064,"Euphorbia_balsamifera_f_Dasytes_cf_subaenescens"
"89","Euphorbia_balsamifera_f","Dasytes_subaenescens",29,0.758710433245604,0.106258731917601,9.28632439709398e-09,"Euphorbia_balsamifera_f_Dasytes_subaenescens"
"90","Euphorbia_balsamifera_f","Diglyphus_chabrias",19,0.775259323588467,0.0907024273086341,1.16866587122874e-07,"Euphorbia_balsamifera_f_Diglyphus_chabrias"
"91","Euphorbia_balsamifera_f","Dinarmoides_spilopterus",28,0.739503746894071,0.104351744411278,1.32069768752404e-07,"Euphorbia_balsamifera_f_Dinarmoides_spilopterus"
"92","Euphorbia_balsamifera_f","Eristalinus_aeneus",6,0.658059203135989,0.068746273207939,0.0933938870162788,"Euphorbia_balsamifera_f_Eristalinus_aeneus"
"93","Euphorbia_balsamifera_f","Eristalinus_taeniops",24,0.709085075706055,0.0703201759858468,1.02317415821294e-07,"Euphorbia_balsamifera_f_Eristalinus_taeniops"
"94","Euphorbia_balsamifera_f","Eristalis_tenax",13,0.689229533653702,0.0619039006854389,0.000222957201898093,"Euphorbia_balsamifera_f_Eristalis_tenax"
"95","Euphorbia_balsamifera_f","Eucera_gracilipes",27,0.751758065470214,0.0898523894886021,2.98516584995723e-09,"Euphorbia_balsamifera_f_Eucera_gracilipes"
"96","Euphorbia_balsamifera_f","Euderus_sp",17,0.680213207216966,0.0573393030256253,2.88251968137672e-05,"Euphorbia_balsamifera_f_Euderus_sp"
"97","Euphorbia_balsamifera_f","Eumerus_nivariae",14,0.849670588623834,0.080743722683456,3.23421910569733e-08,"Euphorbia_balsamifera_f_Eumerus_nivariae"
"98","Euphorbia_balsamifera_f","Eupelmus_sp",6,0.732738767198475,0.0244303491120239,4.28220721302984e-05,"Euphorbia_balsamifera_f_Eupelmus_sp"
"99","Euphorbia_balsamifera_f","Eurytoma_sp_1",16,0.734881658221366,0.0971451186914275,5.52067183883212e-05,"Euphorbia_balsamifera_f_Eurytoma_sp_1"
"100","Euphorbia_balsamifera_f","Exhyalanthrax_canarionae",18,0.727553417357004,0.0928290767564623,2.00968796229963e-05,"Euphorbia_balsamifera_f_Exhyalanthrax_canarionae"
"101","Euphorbia_balsamifera_f","Gasteruption_sp",13,0.760292347333523,0.100263628357637,8.96118116489658e-05,"Euphorbia_balsamifera_f_Gasteruption_sp"
"102","Euphorbia_balsamifera_f","Geometridae_sp_2",13,0.722201794385637,0.0936815840852435,0.000511476170988969,"Euphorbia_balsamifera_f_Geometridae_sp_2"
"103","Euphorbia_balsamifera_f","Goniozus_sp",8,0.708724328746744,0.116519593162854,0.0334622038547841,"Euphorbia_balsamifera_f_Goniozus_sp"
"104","Euphorbia_balsamifera_f","Hylaeus_ater",9,0.801978898221021,0.082172981614514,7.81233981527958e-05,"Euphorbia_balsamifera_f_Hylaeus_ater"
"105","Euphorbia_balsamifera_f","Hylaeus_hohmanni",24,0.772232336513617,0.115010847742644,1.83326831484202e-07,"Euphorbia_balsamifera_f_Hylaeus_hohmanni"
"106","Euphorbia_balsamifera_f","Lasioglossum_loetum",42,0.839215310661621,0.121315927524879,6.92656932365598e-16,"Euphorbia_balsamifera_f_Lasioglossum_loetum"
"107","Euphorbia_balsamifera_f","Leptochilus_cruentatus",11,0.702863918695713,0.0511183778596012,5.54137011269608e-05,"Euphorbia_balsamifera_f_Leptochilus_cruentatus"
"108","Euphorbia_balsamifera_f","Leptochilus_eatoni",10,0.645526432151674,0.0261896459292704,0.000381613326066495,"Euphorbia_balsamifera_f_Leptochilus_eatoni"
"109","Euphorbia_balsamifera_f","Leptochilus_fortunatus",20,0.875439892782875,0.0772334262188002,1.8617602148766e-12,"Euphorbia_balsamifera_f_Leptochilus_fortunatus"
"110","Euphorbia_balsamifera_f","Macroglossum_stellatarum",12,0.756377767035018,0.0956109813992141,0.000145376533488524,"Euphorbia_balsamifera_f_Macroglossum_stellatarum"
"111","Euphorbia_balsamifera_f","Malthinus_mutabilis",15,0.646735727382079,0.0563678297458271,0.00627947529703896,"Euphorbia_balsamifera_f_Malthinus_mutabilis"
"112","Euphorbia_balsamifera_f","Megachile_canariensis",9,0.684259012229933,0.0749710485545043,0.00976150529999462,"Euphorbia_balsamifera_f_Megachile_canariensis"
"113","Euphorbia_balsamifera_f","Melecta_curvispina",10,0.7466987498021,0.0796080181049388,0.000250752461177863,"Euphorbia_balsamifera_f_Melecta_curvispina"
"114","Euphorbia_balsamifera_f","Meligethes_canariensis",9,0.77294111145752,0.121141516129488,0.00267738151596534,"Euphorbia_balsamifera_f_Meligethes_canariensis"
"115","Euphorbia_balsamifera_f","Minotetrastichus_sp",7,0.712303659977959,0.0621832192043439,0.00306830993515254,"Euphorbia_balsamifera_f_Minotetrastichus_sp"
"116","Euphorbia_balsamifera_f","Myathropa_florea",7,0.722103160403985,0.105004411292813,0.0217579818959633,"Euphorbia_balsamifera_f_Myathropa_florea"
"117","Euphorbia_balsamifera_f","Myopites_nigrescens",11,0.906234750558281,0.108011043471807,2.78527037064567e-06,"Euphorbia_balsamifera_f_Myopites_nigrescens"
"118","Euphorbia_balsamifera_f","Neodryophilus_cryptophagoides",8,0.726751052118911,0.0839556734322229,0.00369984023908602,"Euphorbia_balsamifera_f_Neodryophilus_cryptophagoides"
"119","Euphorbia_balsamifera_f","Oscinella_sp_2",7,0.673074312892291,0.04631513125029,0.00585001855171743,"Euphorbia_balsamifera_f_Oscinella_sp_2"
"120","Euphorbia_balsamifera_f","Oscinimorpha_sp",10,0.731398310345742,0.14365758193702,0.0178139392421672,"Euphorbia_balsamifera_f_Oscinimorpha_sp"
"121","Euphorbia_balsamifera_f","Osmia_canaria",6,0.783028105173738,0.134693466245245,0.0208134766574828,"Euphorbia_balsamifera_f_Osmia_canaria"
"122","Euphorbia_balsamifera_f","Osmia_latreillei",13,0.755424611966225,0.092136588597849,5.48277949302795e-05,"Euphorbia_balsamifera_f_Osmia_latreillei"
"123","Euphorbia_balsamifera_f","Phalacrus_coruscus",15,0.763756791428228,0.110978770539517,5.34421738807918e-05,"Euphorbia_balsamifera_f_Phalacrus_coruscus"
"124","Euphorbia_balsamifera_f","Phthiria_simonyi",19,0.765510569574472,0.102960582764132,1.53289125737928e-06,"Euphorbia_balsamifera_f_Phthiria_simonyi"
"125","Euphorbia_balsamifera_f","Physiphora_alceae",8,0.717145047711283,0.0878503248279385,0.0069683454814852,"Euphorbia_balsamifera_f_Physiphora_alceae"
"126","Euphorbia_balsamifera_f","Phyto_discrepans",7,0.651201108652125,0.039709085129599,0.0142932013567078,"Euphorbia_balsamifera_f_Phyto_discrepans"
"127","Euphorbia_balsamifera_f","Pieris_rapae",19,0.77688874689809,0.101532091277667,5.10344322270548e-07,"Euphorbia_balsamifera_f_Pieris_rapae"
"128","Euphorbia_balsamifera_f","Platypalpus_sp_1",16,0.718219934253984,0.128554113038706,0.0022356387818146,"Euphorbia_balsamifera_f_Platypalpus_sp_1"
"129","Euphorbia_balsamifera_f","Pteromalus_sp_1",7,0.653580135820441,0.0365511051582724,0.00818586675414053,"Euphorbia_balsamifera_f_Pteromalus_sp_1"
"130","Euphorbia_balsamifera_f","Pteromalus_sp_2",10,0.762780548372806,0.114849197959168,0.00152795327204441,"Euphorbia_balsamifera_f_Pteromalus_sp_2"
"131","Euphorbia_balsamifera_f","Pteromalus_sp_3",9,0.689553967102211,0.0785388198801108,0.00907785027534414,"Euphorbia_balsamifera_f_Pteromalus_sp_3"
"132","Euphorbia_balsamifera_f","Pteromalus_sp_4",21,0.663509572489832,0.0429963321511096,1.39076758129552e-06,"Euphorbia_balsamifera_f_Pteromalus_sp_4"
"133","Euphorbia_balsamifera_f","Sapromyza_sp",20,0.745442915104521,0.0909127560338687,8.44670347047896e-07,"Euphorbia_balsamifera_f_Sapromyza_sp"
"134","Euphorbia_balsamifera_f","Sarcophagidae_sp_6",11,0.78554049133181,0.129613606496305,0.000782933597703438,"Euphorbia_balsamifera_f_Sarcophagidae_sp_6"
"135","Euphorbia_balsamifera_f","Sarcophagidae_sp_8",17,0.767341913811755,0.107144368064855,8.17642917697966e-06,"Euphorbia_balsamifera_f_Sarcophagidae_sp_8"
"136","Euphorbia_balsamifera_f","Scaeva_albomaculata",16,0.758750104280995,0.0896827333714955,3.74342495745763e-06,"Euphorbia_balsamifera_f_Scaeva_albomaculata"
"137","Euphorbia_balsamifera_f","Scenopinus_sp",20,0.729978204425741,0.0976795387351767,9.9673362079815e-06,"Euphorbia_balsamifera_f_Scenopinus_sp"
"138","Euphorbia_balsamifera_f","Sphaeniscus_filiolus",5,0.756571932973765,0.0777310577314188,0.0107889512329799,"Euphorbia_balsamifera_f_Sphaeniscus_filiolus"
"139","Euphorbia_balsamifera_f","Stenoselma_sp",13,0.726248623023973,0.0880186506163342,0.000232543074565246,"Euphorbia_balsamifera_f_Stenoselma_sp"
"140","Euphorbia_balsamifera_f","Stomorhina_lunata",7,0.707735874667551,0.0670060719716701,0.00535662625370487,"Euphorbia_balsamifera_f_Stomorhina_lunata"
"141","Euphorbia_balsamifera_f","Synthesomyia_nudiseta",14,0.719284590973828,0.0908756359549992,0.00028429720646002,"Euphorbia_balsamifera_f_Synthesomyia_nudiseta"
"142","Euphorbia_balsamifera_f","Syritta_pipiens",13,0.698890189140408,0.0998030511275574,0.00383422664466197,"Euphorbia_balsamifera_f_Syritta_pipiens"
"143","Euphorbia_balsamifera_f","Tethinidae_sp_3",17,0.797660081902987,0.123344207604367,6.02730034766734e-06,"Euphorbia_balsamifera_f_Tethinidae_sp_3"
"144","Euphorbia_balsamifera_f","Tetramesa_sp",21,0.69734891646397,0.0663725412655055,1.53695260434141e-06,"Euphorbia_balsamifera_f_Tetramesa_sp"
"145","Euphorbia_balsamifera_f","Themnothorax_risii",14,0.77840410795736,0.0911308296908879,5.79010039549269e-06,"Euphorbia_balsamifera_f_Themnothorax_risii"
"146","Euphorbia_balsamifera_f","Thomisus_cf_onustus",13,0.72560727496721,0.10426346839093,0.000955467346305617,"Euphorbia_balsamifera_f_Thomisus_cf_onustus"
"147","Euphorbia_balsamifera_f","Thysanoptera_sp_2",84,0.899713253838,0.128017503632814,1.28777521575148e-35,"Euphorbia_balsamifera_f_Thysanoptera_sp_2"
"148","Euphorbia_balsamifera_f","Thysanoptera_sp_3",33,0.743596159984084,0.0854120211730904,5.27657521132671e-11,"Euphorbia_balsamifera_f_Thysanoptera_sp_3"
"149","Euphorbia_balsamifera_f","Thysanoptera_sp_7",29,0.881332645432356,0.133336007883297,5.34032732457341e-12,"Euphorbia_balsamifera_f_Thysanoptera_sp_7"
"150","Euphorbia_balsamifera_f","Torymoides_lindbergi",7,0.732841791329812,0.0394368688228322,0.000111254594803861,"Euphorbia_balsamifera_f_Torymoides_lindbergi"
"151","Euphorbia_balsamifera_f","Tropinota_squalida",7,0.698409561038842,0.111682582541955,0.0585353415262856,"Euphorbia_balsamifera_f_Tropinota_squalida"
"152","Euphorbia_balsamifera_f","Urelliosoma_guimari",67,0.798121081454294,0.097947261387589,3.44066443418612e-25,"Euphorbia_balsamifera_f_Urelliosoma_guimari"
"153","Euphorbia_balsamifera_m","Agromyzidae_sp_2",6,0.877489811705359,0.0914848934956991,0.000696037533812743,"Euphorbia_balsamifera_m_Agromyzidae_sp_2"
"154","Euphorbia_balsamifera_m","Alliophleps_elliptica",13,0.87419091396268,0.113137756240142,1.50647651598227e-06,"Euphorbia_balsamifera_m_Alliophleps_elliptica"
"155","Euphorbia_balsamifera_m","Amegilla_canifrons",18,0.840002485036414,0.124457641576519,2.6858572221922e-07,"Euphorbia_balsamifera_m_Amegilla_canifrons"
"156","Euphorbia_balsamifera_m","Amegilla_quadrifasciata",53,0.925393166425702,0.0856775417615414,9.14698088535412e-33,"Euphorbia_balsamifera_m_Amegilla_quadrifasciata"
"157","Euphorbia_balsamifera_m","Ammophila_terminata",10,0.783384569432475,0.092589013525333,0.00014727801157966,"Euphorbia_balsamifera_m_Ammophila_terminata"
"158","Euphorbia_balsamifera_m","Anaspis_cf_eversi",27,0.947833176154296,0.0626404916754396,2.83374980412488e-21,"Euphorbia_balsamifera_m_Anaspis_cf_eversi"
"159","Euphorbia_balsamifera_m","Andrena_vulcana",45,0.934211007459922,0.0765122436187972,1.67167322866938e-30,"Euphorbia_balsamifera_m_Andrena_vulcana"
"160","Euphorbia_balsamifera_m","Anthophora_alluaudi",95,0.938877142619679,0.10022810134415,1.95182305625056e-53,"Euphorbia_balsamifera_m_Anthophora_alluaudi"
"161","Euphorbia_balsamifera_m","Anthophora_orotavae",35,0.91195742514197,0.108788049423097,3.64699812769383e-18,"Euphorbia_balsamifera_m_Anthophora_orotavae"
"162","Euphorbia_balsamifera_m","Aprostocetus_occidentalis",5,0.840708277495403,0.0751282791815815,0.00200935599220696,"Euphorbia_balsamifera_m_Aprostocetus_occidentalis"
"163","Euphorbia_balsamifera_m","Aprostocetus_sp_2",12,0.751044709197573,0.0637064159221667,5.08240768331074e-06,"Euphorbia_balsamifera_m_Aprostocetus_sp_2"
"164","Euphorbia_balsamifera_m","Atherigona_varia",23,0.942300206124189,0.065100381917907,9.9906515186699e-18,"Euphorbia_balsamifera_m_Atherigona_varia"
"165","Euphorbia_balsamifera_m","Attalus_chrysanthemi",20,0.951407409252428,0.0460959890109638,1.66227882452272e-18,"Euphorbia_balsamifera_m_Attalus_chrysanthemi"
"166","Euphorbia_balsamifera_m","Blaesoxipha_sp_1",31,0.921378967764354,0.0909392548119449,1.06451972657723e-18,"Euphorbia_balsamifera_m_Blaesoxipha_sp_1"
"167","Euphorbia_balsamifera_m","Bombylius_pintuarius",16,0.943493344924201,0.0642102521333008,1.18279003938074e-12,"Euphorbia_balsamifera_m_Bombylius_pintuarius"
"168","Euphorbia_balsamifera_m","Campiglossa_martii",18,0.959648357580731,0.0434306077008889,2.5947580820564e-17,"Euphorbia_balsamifera_m_Campiglossa_martii"
"169","Euphorbia_balsamifera_m","Camponotus_cfr_feae",22,0.93597711841712,0.0854097753705608,1.86878795535794e-14,"Euphorbia_balsamifera_m_Camponotus_cfr_feae"
"170","Euphorbia_balsamifera_m","Cephalodromia_sp",12,0.935796687936648,0.0701895234254395,3.97286566561656e-09,"Euphorbia_balsamifera_m_Cephalodromia_sp"
"171","Euphorbia_balsamifera_m","Ceratogoponidae_sp",10,0.946342981902536,0.0530736189346564,6.88745958825425e-09,"Euphorbia_balsamifera_m_Ceratogoponidae_sp"
"172","Euphorbia_balsamifera_m","Chalicodoma_sicula",20,0.963992655746911,0.0332505928705583,1.85193991203741e-21,"Euphorbia_balsamifera_m_Chalicodoma_sicula"
"173","Euphorbia_balsamifera_m","Chetogena_acuminata",65,0.916455461227557,0.0992000935860719,1.88099136906071e-35,"Euphorbia_balsamifera_m_Chetogena_acuminata"
"174","Euphorbia_balsamifera_m","Chironomidae_sp",8,0.954578281179635,0.0373389239139887,2.54132203779718e-08,"Euphorbia_balsamifera_m_Chironomidae_sp"
"175","Euphorbia_balsamifera_m","Chloropidae_sp_1",18,0.913687666127234,0.0838185435413457,1.25143562136481e-11,"Euphorbia_balsamifera_m_Chloropidae_sp_1"
"176","Euphorbia_balsamifera_m","Chloropidae_sp_5",19,0.883312087928062,0.127198815916048,1.40495945577927e-08,"Euphorbia_balsamifera_m_Chloropidae_sp_5"
"177","Euphorbia_balsamifera_m","Chloropidae_sp_6",13,0.798663582200675,0.0940785946984835,6.21695920483431e-06,"Euphorbia_balsamifera_m_Chloropidae_sp_6"
"178","Euphorbia_balsamifera_m","Coccinella_miranda",28,0.937448596000741,0.066790945631399,5.81927148424552e-21,"Euphorbia_balsamifera_m_Coccinella_miranda"
"179","Euphorbia_balsamifera_m","Colletes_dimidiatus",26,0.953010422429286,0.0567281839478046,1.01805477447848e-21,"Euphorbia_balsamifera_m_Colletes_dimidiatus"
"180","Euphorbia_balsamifera_m","Curculionidae_sp",18,0.90946845853233,0.115542663318237,2.30571428080638e-09,"Euphorbia_balsamifera_m_Curculionidae_sp"
"181","Euphorbia_balsamifera_m","Diglyphus_chabrias",15,0.972510953559746,0.0291660117256068,4.05001091229212e-17,"Euphorbia_balsamifera_m_Diglyphus_chabrias"
"182","Euphorbia_balsamifera_m","Dischistus_atlanticus",27,0.976971780827749,0.0289585103272654,9.3004779616949e-31,"Euphorbia_balsamifera_m_Dischistus_atlanticus"
"183","Euphorbia_balsamifera_m","Elasmus_platyedrae",14,0.919314668925573,0.0882393947046234,4.84890071530862e-09,"Euphorbia_balsamifera_m_Elasmus_platyedrae"
"184","Euphorbia_balsamifera_m","Eristalinus_aeneus",24,0.880875978897468,0.0792207325441441,1.02083107745591e-14,"Euphorbia_balsamifera_m_Eristalinus_aeneus"
"185","Euphorbia_balsamifera_m","Eristalinus_taeniops",49,0.869620027742682,0.109906204491955,3.94966904532545e-22,"Euphorbia_balsamifera_m_Eristalinus_taeniops"
"186","Euphorbia_balsamifera_m","Eristalis_tenax",20,0.884381895176345,0.0850316929882167,5.79100481235061e-12,"Euphorbia_balsamifera_m_Eristalis_tenax"
"187","Euphorbia_balsamifera_m","Eucera_gracilipes",25,0.947392143852191,0.0504345228401201,6.02518781799383e-22,"Euphorbia_balsamifera_m_Eucera_gracilipes"
"188","Euphorbia_balsamifera_m","Euderus_sp",16,0.890774189309483,0.0864910989408944,8.98113686071889e-10,"Euphorbia_balsamifera_m_Euderus_sp"
"189","Euphorbia_balsamifera_m","Eupelmus_sp",12,0.871613687261087,0.0809125201197009,1.60600648930763e-07,"Euphorbia_balsamifera_m_Eupelmus_sp"
"190","Euphorbia_balsamifera_m","Eurytoma_sp_1",32,0.927046116084151,0.0650822483674377,9.07306643952348e-24,"Euphorbia_balsamifera_m_Eurytoma_sp_1"
"191","Euphorbia_balsamifera_m","Exhyalanthrax_canarionae",19,0.930610965850969,0.0675059622533637,3.1155880346119e-14,"Euphorbia_balsamifera_m_Exhyalanthrax_canarionae"
"192","Euphorbia_balsamifera_m","Fannia_sp",13,0.846153170279649,0.0647499152400407,1.08465660381057e-08,"Euphorbia_balsamifera_m_Fannia_sp"
"193","Euphorbia_balsamifera_m","Gasteruption_sp",21,0.927835096860292,0.0621279481657895,2.80095434677979e-16,"Euphorbia_balsamifera_m_Gasteruption_sp"
"194","Euphorbia_balsamifera_m","Geometridae_sp",14,0.919714328631596,0.0767474824447399,8.58985936342747e-10,"Euphorbia_balsamifera_m_Geometridae_sp"
"195","Euphorbia_balsamifera_m","Geometridae_sp_2",24,0.950682069606248,0.0462128419051922,4.79941896596709e-22,"Euphorbia_balsamifera_m_Geometridae_sp_2"
"196","Euphorbia_balsamifera_m","Gnaphosidae_sp_1",10,0.778773557071275,0.0905836546364473,0.000151253876044009,"Euphorbia_balsamifera_m_Gnaphosidae_sp_1"
"197","Euphorbia_balsamifera_m","Goniozus_sp",15,0.949388704612308,0.0490369641516459,1.31966811865568e-13,"Euphorbia_balsamifera_m_Goniozus_sp"
"198","Euphorbia_balsamifera_m","Holepyris_sp",8,0.81782648031406,0.0666414001060735,3.58056262381252e-05,"Euphorbia_balsamifera_m_Holepyris_sp"
"199","Euphorbia_balsamifera_m","Hylaeus_ater",9,0.9356128230662,0.0662338736884621,3.4749946742984e-07,"Euphorbia_balsamifera_m_Hylaeus_ater"
"200","Euphorbia_balsamifera_m","Hylaeus_hohmanni",37,0.924803629554778,0.0824026239268758,9.99439775720583e-24,"Euphorbia_balsamifera_m_Hylaeus_hohmanni"
"201","Euphorbia_balsamifera_m","Leptochilus_cruentatus",21,0.888671017888576,0.088249852881231,2.4365914502619e-12,"Euphorbia_balsamifera_m_Leptochilus_cruentatus"
"202","Euphorbia_balsamifera_m","Leptochilus_fortunatus",19,0.962877957700501,0.0617851256189644,1.30783873092113e-15,"Euphorbia_balsamifera_m_Leptochilus_fortunatus"
"203","Euphorbia_balsamifera_m","Macrocoma_splendens",8,0.759666613841684,0.12075252925003,0.00726347986569149,"Euphorbia_balsamifera_m_Macrocoma_splendens"
"204","Euphorbia_balsamifera_m","Macroglossum_stellatarum",23,0.939335271368648,0.060557618780784,2.5699424588491e-18,"Euphorbia_balsamifera_m_Macroglossum_stellatarum"
"205","Euphorbia_balsamifera_m","Megachile_canariensis",8,0.88894488786923,0.0812168121314574,2.05304038330804e-05,"Euphorbia_balsamifera_m_Megachile_canariensis"
"206","Euphorbia_balsamifera_m","Megaselia_sp_2",17,0.961777754513339,0.0446439408699167,3.13979297889788e-16,"Euphorbia_balsamifera_m_Megaselia_sp_2"
"207","Euphorbia_balsamifera_m","Melecta_curvispina",20,0.941857058291397,0.0841008866147411,1.79349721219439e-13,"Euphorbia_balsamifera_m_Melecta_curvispina"
"208","Euphorbia_balsamifera_m","Meligethes_canariensis",13,0.897354072627831,0.102347848891478,2.16354958862172e-07,"Euphorbia_balsamifera_m_Meligethes_canariensis"
"209","Euphorbia_balsamifera_m","Meligethes_cf_canariensis",11,0.754271693684068,0.082455826387268,0.000100756630459221,"Euphorbia_balsamifera_m_Meligethes_cf_canariensis"
"210","Euphorbia_balsamifera_m","Monomorium_subopacum",11,0.795065288675457,0.0965352263295953,5.35268437231475e-05,"Euphorbia_balsamifera_m_Monomorium_subopacum"
"211","Euphorbia_balsamifera_m","Mordellistena_cf_canariensis",10,0.807513960616431,0.0845864110789545,2.82690160227657e-05,"Euphorbia_balsamifera_m_Mordellistena_cf_canariensis"
"212","Euphorbia_balsamifera_m","Myopites_nigrescens",16,0.880365880443695,0.126685820870515,2.42254300158482e-07,"Euphorbia_balsamifera_m_Myopites_nigrescens"
"213","Euphorbia_balsamifera_m","Neodryophilus_cryptophagoides",10,0.895803127156743,0.0962927851675683,4.55240715444825e-06,"Euphorbia_balsamifera_m_Neodryophilus_cryptophagoides"
"214","Euphorbia_balsamifera_m","Nomioides_fortunatus",15,0.754284171960277,0.094039839463157,1.78599794911692e-05,"Euphorbia_balsamifera_m_Nomioides_fortunatus"
"215","Euphorbia_balsamifera_m","Oscinimorpha_sp",20,0.954956230245352,0.0383589581343205,4.38549720812579e-20,"Euphorbia_balsamifera_m_Oscinimorpha_sp"
"216","Euphorbia_balsamifera_m","Osmia_canaria",23,0.884528641473961,0.113040593090232,3.54755469189722e-11,"Euphorbia_balsamifera_m_Osmia_canaria"
"217","Euphorbia_balsamifera_m","Osmia_latreillei",14,0.906445371999788,0.0949908864603105,1.94737553690458e-08,"Euphorbia_balsamifera_m_Osmia_latreillei"
"218","Euphorbia_balsamifera_m","Oxyopes_cf_kraepelinorum",6,0.804822447636324,0.0893427042770271,0.00247768276501343,"Euphorbia_balsamifera_m_Oxyopes_cf_kraepelinorum"
"219","Euphorbia_balsamifera_m","Phthiria_simonyi",36,0.898710087597439,0.0960539961486228,9.09053534452641e-20,"Euphorbia_balsamifera_m_Phthiria_simonyi"
"220","Euphorbia_balsamifera_m","Physiphora_alceae",9,0.878060242596281,0.0733107792199696,3.21141150389577e-06,"Euphorbia_balsamifera_m_Physiphora_alceae"
"221","Euphorbia_balsamifera_m","Phyto_discrepans",22,0.82043199674978,0.085151968907979,5.8594252607016e-11,"Euphorbia_balsamifera_m_Phyto_discrepans"
"222","Euphorbia_balsamifera_m","Pieris_rapae",15,0.972014449625187,0.0308615584556709,9.06043370165267e-17,"Euphorbia_balsamifera_m_Pieris_rapae"
"223","Euphorbia_balsamifera_m","Platypalpus_sp",15,0.900696092674863,0.10110016829172,1.57814222279505e-08,"Euphorbia_balsamifera_m_Platypalpus_sp"
"224","Euphorbia_balsamifera_m","Platypalpus_sp_2",8,0.758741004211597,0.094369377174578,0.00206481031516485,"Euphorbia_balsamifera_m_Platypalpus_sp_2"
"225","Euphorbia_balsamifera_m","Pteromalus_sp_1",11,0.899723635809092,0.107436766851147,3.2241026864473e-06,"Euphorbia_balsamifera_m_Pteromalus_sp_1"
"226","Euphorbia_balsamifera_m","Pteromalus_sp_2",18,0.928160982944703,0.0888147987431019,1.53508805604786e-11,"Euphorbia_balsamifera_m_Pteromalus_sp_2"
"227","Euphorbia_balsamifera_m","Pteromalus_sp_3",12,0.889960964435559,0.0603228874360509,3.7784798902767e-09,"Euphorbia_balsamifera_m_Pteromalus_sp_3"
"228","Euphorbia_balsamifera_m","Pteromalus_sp_4",21,0.875390704141222,0.0945365831297887,2.0233729358763e-11,"Euphorbia_balsamifera_m_Pteromalus_sp_4"
"229","Euphorbia_balsamifera_m","Sarcophagidae_sp_6",22,0.936039588945072,0.0597594061357369,1.39356621440874e-17,"Euphorbia_balsamifera_m_Sarcophagidae_sp_6"
"230","Euphorbia_balsamifera_m","Sarcophagidae_sp_8",17,0.841796115823839,0.0756771258211858,5.26337659487241e-10,"Euphorbia_balsamifera_m_Sarcophagidae_sp_8"
"231","Euphorbia_balsamifera_m","Scaeva_albomaculata",35,0.9376943464187,0.0720876841973782,6.39047787390116e-25,"Euphorbia_balsamifera_m_Scaeva_albomaculata"
"232","Euphorbia_balsamifera_m","Scenopinus_sp",32,0.869559201331944,0.07855475633308,6.6525548879912e-19,"Euphorbia_balsamifera_m_Scenopinus_sp"
"233","Euphorbia_balsamifera_m","Sciaridae_sp_1",13,0.829955359606056,0.0789935994924092,2.11752871254051e-07,"Euphorbia_balsamifera_m_Sciaridae_sp_1"
"234","Euphorbia_balsamifera_m","Sphaeniscus_filiolus",13,0.853780554893915,0.0827383750582042,1.19443014638208e-07,"Euphorbia_balsamifera_m_Sphaeniscus_filiolus"
"235","Euphorbia_balsamifera_m","Stomorhina_lunata",14,0.891428708845504,0.0504430629214856,1.42108070359186e-11,"Euphorbia_balsamifera_m_Stomorhina_lunata"
"236","Euphorbia_balsamifera_m","Synthesomyia_nudiseta",17,0.847526377938407,0.0616040918756355,1.70734960289588e-11,"Euphorbia_balsamifera_m_Synthesomyia_nudiseta"
"237","Euphorbia_balsamifera_m","Syritta_pipiens",24,0.817372059162369,0.11643654773609,4.00865718460214e-09,"Euphorbia_balsamifera_m_Syritta_pipiens"
"238","Euphorbia_balsamifera_m","Tethina_marmorata",6,0.897064298348326,0.106367117916743,0.001018802339488,"Euphorbia_balsamifera_m_Tethina_marmorata"
"239","Euphorbia_balsamifera_m","Themnothorax_risii",16,0.956869509049087,0.0657014426010642,9.47372877596261e-13,"Euphorbia_balsamifera_m_Themnothorax_risii"
"240","Euphorbia_balsamifera_m","Thysanoptera_sp_2",124,0.96661893746733,0.0571732746309164,5.55361242236103e-102,"Euphorbia_balsamifera_m_Thysanoptera_sp_2"
"241","Euphorbia_balsamifera_m","Torymoides_lindbergi",5,0.829436871051209,0.116730121024509,0.0117362011994791,"Euphorbia_balsamifera_m_Torymoides_lindbergi"
"242","Euphorbia_balsamifera_m","Tropinota_squalida",22,0.91918635707473,0.0883900417520483,1.01131062821482e-13,"Euphorbia_balsamifera_m_Tropinota_squalida"
"243","Euphorbia_balsamifera_m","Urelliosoma_guimari",60,0.914094706075067,0.0807410893553201,1.57763860574829e-37,"Euphorbia_balsamifera_m_Urelliosoma_guimari"
"244","Euphorbia_lamarckii","Anthophora_alluaudi",13,0.689339203942114,0.0399569115934011,3.47558077397856e-06,"Euphorbia_lamarckii_Anthophora_alluaudi"
"245","Euphorbia_lamarckii","Chrysomya_albiceps",8,0.904528587930333,0.15902510470409,0.000990966665245546,"Euphorbia_lamarckii_Chrysomya_albiceps"
"246","Euphorbia_lamarckii","Eumerus_latitarsis",11,0.777656200659556,0.047192503490825,2.01027506473719e-07,"Euphorbia_lamarckii_Eumerus_latitarsis"
"247","Euphorbia_lamarckii","Lasioglossum_viride",28,0.825792381877311,0.118952975235137,1.29169873431633e-10,"Euphorbia_lamarckii_Lasioglossum_viride"
"248","Euphorbia_lamarckii","Meligethes_canariensis",6,0.710110547129363,0.0413918770405645,0.0012722422302022,"Euphorbia_lamarckii_Meligethes_canariensis"
"249","Euphorbia_lamarckii","Myopites_nigrescens",9,0.867923555589696,0.117417325686571,0.000131599710127644,"Euphorbia_lamarckii_Myopites_nigrescens"
"250","Euphorbia_lamarckii","Sarcophagidae_sp_8",10,0.75700450966245,0.0723022221947533,7.33323271746718e-05,"Euphorbia_lamarckii_Sarcophagidae_sp_8"
"251","Euphorbia_lamarckii","Themnothorax_hesperius",18,0.851132538911347,0.124375531727412,1.42038564053718e-07,"Euphorbia_lamarckii_Themnothorax_hesperius"
"252","Euphorbia_lamarckii","Thysanoptera_sp_2",21,0.92879388949441,0.110270319791227,1.32694487398244e-11,"Euphorbia_lamarckii_Thysanoptera_sp_2"
"253","Euphorbia_lamarckii","Thysanoptera_sp_7",13,0.979550135528853,0.0149224378761199,1.888586574489e-18,"Euphorbia_lamarckii_Thysanoptera_sp_7"
"254","Euphorbia_regis_jubae","Amegilla_quadrifasciata",9,0.772610196183112,0.105814512247696,0.00120322679055342,"Euphorbia_regis_jubae_Amegilla_quadrifasciata"
"255","Euphorbia_regis_jubae","Anthophora_orotavae",6,0.74142232618617,0.111621977714761,0.0267486128639145,"Euphorbia_regis_jubae_Anthophora_orotavae"
"256","Euphorbia_regis_jubae","Apis_mellifera",9,0.817800903381841,0.103171228630842,0.000224624510846032,"Euphorbia_regis_jubae_Apis_mellifera"
"257","Euphorbia_regis_jubae","Cephalodromia_sp",5,0.706803408264939,0.0967496710964178,0.0690631521381282,"Euphorbia_regis_jubae_Cephalodromia_sp"
"258","Euphorbia_regis_jubae","Chetogena_acuminata",5,0.771824640489447,0.114070342728689,0.0280905500828755,"Euphorbia_regis_jubae_Chetogena_acuminata"
"259","Euphorbia_regis_jubae","Dinarmoides_spilopterus",5,0.677145773933712,0.0581679731086461,0.041323991788448,"Euphorbia_regis_jubae_Dinarmoides_spilopterus"
"260","Euphorbia_regis_jubae","Lasioglossum_loetum",11,0.878161892659436,0.103622560418704,4.5607270420685e-06,"Euphorbia_regis_jubae_Lasioglossum_loetum"
"261","Euphorbia_regis_jubae","Macroglossum_stellatarum",7,0.752357424741719,0.116327035589385,0.013381519956054,"Euphorbia_regis_jubae_Macroglossum_stellatarum"
"262","Euphorbia_regis_jubae","Osmia_canaria",5,0.734859143528705,0.0946070233917247,0.0332975406687494,"Euphorbia_regis_jubae_Osmia_canaria"
"263","Euphorbia_regis_jubae","Osmia_latreillei",5,0.721970703717781,0.0699110287347634,0.0175241227644337,"Euphorbia_regis_jubae_Osmia_latreillei"
"264","Euphorbia_regis_jubae","Plagiolepis_sp_2",6,0.727088288278877,0.0840997620620607,0.0139765545106064,"Euphorbia_regis_jubae_Plagiolepis_sp_2"
"265","Euphorbia_regis_jubae","Sepsis_sp",6,0.791383216863143,0.0837312254580451,0.0025106528629626,"Euphorbia_regis_jubae_Sepsis_sp"
"266","Euphorbia_regis_jubae","Themnothorax_risii",5,0.761579773039452,0.144089319103796,0.0662341497055271,"Euphorbia_regis_jubae_Themnothorax_risii"
"267","Euphorbia_regis_jubae","Thysanoptera_sp_1",11,0.979818285095336,0.0669351180440944,3.88587840767931e-09,"Euphorbia_regis_jubae_Thysanoptera_sp_1"
"268","Euphorbia_regis_jubae","Thysanoptera_sp_2",9,0.962575546160889,0.0825573718671842,1.0486695972219e-06,"Euphorbia_regis_jubae_Thysanoptera_sp_2"
"269","Fagonia_albiflora","Amegilla_quadrifasciata",5,0.698063990061353,0.0288213233259523,0.00160175112695624,"Fagonia_albiflora_Amegilla_quadrifasciata"
"270","Fagonia_albiflora","Apis_mellifera",13,0.661006227357386,0.048372062972407,0.000669333907878325,"Fagonia_albiflora_Apis_mellifera"
"271","Fagonia_albiflora","Chloropidae_sp",5,0.709602537325703,0.0815068705897856,0.039673330883204,"Fagonia_albiflora_Chloropidae_sp"
"272","Fagonia_albiflora","Chrysomya_albiceps",24,0.848934306955606,0.116915252356457,3.42884740589234e-10,"Fagonia_albiflora_Chrysomya_albiceps"
"273","Fagonia_albiflora","Colletes_dimidiatus",5,0.636723477012132,0.043975134925548,0.135247847040599,"Fagonia_albiflora_Colletes_dimidiatus"
"274","Fagonia_albiflora","Dasytes_subaenescens",5,0.691592748260077,0.0728228907502109,0.048198748397473,"Fagonia_albiflora_Dasytes_subaenescens"
"275","Fagonia_albiflora","Estheria_simonyi",10,0.807408836412774,0.116708886903275,0.000325901950199341,"Fagonia_albiflora_Estheria_simonyi"
"276","Fagonia_albiflora","Eumerus_latitarsis",9,0.808105186195584,0.101680406713159,0.000277022968857023,"Fagonia_albiflora_Eumerus_latitarsis"
"277","Fagonia_albiflora","Lucilia_sericata",9,0.774929630108367,0.117895804753574,0.00213562330704984,"Fagonia_albiflora_Lucilia_sericata"
"278","Fagonia_albiflora","Malthinus_mutabilis",6,0.710245716353979,0.127551419661189,0.0878219799950503,"Fagonia_albiflora_Malthinus_mutabilis"
"279","Fagonia_albiflora","Meligethes_canariensis",7,0.820446586836005,0.112228426826481,0.00202078062329628,"Fagonia_albiflora_Meligethes_canariensis"
"280","Fagonia_albiflora","Musca_domestica",30,0.731219694713966,0.0713463647493387,5.58595526006556e-11,"Fagonia_albiflora_Musca_domestica"
"281","Fagonia_albiflora","Oscinella_sp_1",16,0.77359585765483,0.0799102228232861,3.06607707641566e-07,"Fagonia_albiflora_Oscinella_sp_1"
"282","Fagonia_albiflora","Phthiria_simonyi",6,0.844056536069886,0.087486021677035,0.00102409982192232,"Fagonia_albiflora_Phthiria_simonyi"
"283","Fagonia_albiflora","Plagiolepis_sp_2",44,0.899971408820785,0.118741279685062,1.82201858282087e-20,"Fagonia_albiflora_Plagiolepis_sp_2"
"284","Fagonia_albiflora","Pteromalus_sp_4",9,0.694805672444697,0.0960233325041312,0.0180920279800078,"Fagonia_albiflora_Pteromalus_sp_4"
"285","Fagonia_albiflora","Sciaridae_sp",8,0.686821467207521,0.104786524695317,0.0515778488160312,"Fagonia_albiflora_Sciaridae_sp"
"286","Fagonia_albiflora","Tethina_marmorata",6,0.712531325006611,0.122560997819122,0.0743666004945572,"Fagonia_albiflora_Tethina_marmorata"
"287","Fagonia_albiflora","Themnothorax_hesperius",11,0.708902956939138,0.0793296449262827,0.00105337261766303,"Fagonia_albiflora_Themnothorax_hesperius"
"288","Fagonia_albiflora","Thomisus_cf_onustus",6,0.849268825938266,0.141996907444165,0.00771572083540251,"Fagonia_albiflora_Thomisus_cf_onustus"
"289","Fagonia_albiflora","Thysanoptera_sp_1",42,0.97732682688676,0.0828178235118174,2.99487854057893e-29,"Fagonia_albiflora_Thysanoptera_sp_1"
"290","Fagonia_albiflora","Thysanoptera_sp_7",22,0.937980083106402,0.0815977226843407,6.69665103128031e-15,"Fagonia_albiflora_Thysanoptera_sp_7"
"291","Frankenia_laevis","Anaspis_proteus",12,0.894722072336284,0.0773230105229271,4.32969266703286e-08,"Frankenia_laevis_Anaspis_proteus"
"292","Frankenia_laevis","Chrysomya_albiceps",6,0.970917725331242,0.00918697591131582,2.00412610277219e-09,"Frankenia_laevis_Chrysomya_albiceps"
"293","Frankenia_laevis","Eumerus_latitarsis",5,0.732542989356413,0.064108765724434,0.00985882504513695,"Frankenia_laevis_Eumerus_latitarsis"
"294","Frankenia_laevis","Lasioglossum_viride",6,0.699739325476001,0.120993782099881,0.0994719431041706,"Frankenia_laevis_Lasioglossum_viride"
"295","Frankenia_laevis","Lucilia_sericata",5,0.776125041074071,0.105908683546167,0.0205002980380404,"Frankenia_laevis_Lucilia_sericata"
"296","Frankenia_laevis","Musca_domestica",5,0.686890682823317,0.0352133035799638,0.00526697902154537,"Frankenia_laevis_Musca_domestica"
"297","Frankenia_laevis","Myopites_nigrescens",13,0.904166846765499,0.0683020107779663,1.78030519438114e-09,"Frankenia_laevis_Myopites_nigrescens"
"298","Frankenia_laevis","Thysanoptera_sp_1",14,0.952349416759158,0.100067573808436,6.76455310370525e-09,"Frankenia_laevis_Thysanoptera_sp_1"
"299","Frankenia_laevis","Thysanoptera_sp_2",14,0.941137525283316,0.100637092175738,1.0724653564984e-08,"Frankenia_laevis_Thysanoptera_sp_2"
"300","Frankenia_laevis","Thysanoptera_sp_7",5,0.981670275576702,0.00617615094927941,1.64504537559895e-08,"Frankenia_laevis_Thysanoptera_sp_7"
"301","Helianthemum_canariensis","Anaspis_proteus",7,0.771690386933668,0.0690369548078735,0.000591315102802374,"Helianthemum_canariensis_Anaspis_proteus"
"302","Helianthemum_canariensis","Anthophora_alluaudi",12,0.735461469518379,0.0724544176785684,4.57250466580604e-05,"Helianthemum_canariensis_Anthophora_alluaudi"
"303","Helianthemum_canariensis","Attalus_olivensis",5,0.801473666868244,0.0824079536931362,0.00544571159076975,"Helianthemum_canariensis_Attalus_olivensis"
"304","Helianthemum_canariensis","Aulacoderus_canariensis",8,0.801984558328391,0.081761974248479,0.000213950121202413,"Helianthemum_canariensis_Aulacoderus_canariensis"
"305","Helianthemum_canariensis","Chrysomya_albiceps",6,0.75175533336837,0.100265454675142,0.0138924572731231,"Helianthemum_canariensis_Chrysomya_albiceps"
"306","Helianthemum_canariensis","Myopites_nigrescens",7,0.88158172846293,0.105556203890081,0.000404988504652925,"Helianthemum_canariensis_Myopites_nigrescens"
"307","Helianthemum_canariensis","Plagiolepis_schmitzii",11,0.999999999870396,4.29456183518477e-10,3.1097526711118e-91,"Helianthemum_canariensis_Plagiolepis_schmitzii"
"308","Helianthemum_canariensis","Sciaridae_sp",6,0.882548271168,0.104946269128241,0.0012046111093812,"Helianthemum_canariensis_Sciaridae_sp"
"309","Kickxia_scoparia","Anaspis_proteus",9,0.862537278366665,0.116644423527606,0.000144720067053977,"Kickxia_scoparia_Anaspis_proteus"
"310","Kickxia_scoparia","Thysanoptera_sp_1",7,0.992592807981145,0.00937993060238776,3.65591169620839e-11,"Kickxia_scoparia_Thysanoptera_sp_1"
"311","Launaea_arborescens","Attalus_olivensis",24,0.87805515425927,0.0569639763192328,9.51730237625767e-18,"Launaea_arborescens_Attalus_olivensis"
"312","Launaea_arborescens","Aulacoderus_canariensis",21,0.869750443105825,0.0938692972230402,2.58678168623855e-11,"Launaea_arborescens_Aulacoderus_canariensis"
"313","Launaea_arborescens","Blaesoxipha_sp_1",13,0.70284592731126,0.0943578023277734,0.00199905422450532,"Launaea_arborescens_Blaesoxipha_sp_1"
"314","Launaea_arborescens","Eumerus_latitarsis",17,0.715401321108294,0.0789929770178973,1.77191401224516e-05,"Launaea_arborescens_Eumerus_latitarsis"
"315","Launaea_arborescens","Eumerus_nivariae",6,0.66426991066583,0.0361359800977776,0.00731390650171847,"Launaea_arborescens_Eumerus_nivariae"
"316","Launaea_arborescens","Lasioglossum_loetum",20,0.755015188318519,0.0925410895553321,4.38478108694874e-07,"Launaea_arborescens_Lasioglossum_loetum"
"317","Launaea_arborescens","Musca_domestica",35,0.725927722792052,0.0830876731624007,1.76501113514435e-10,"Launaea_arborescens_Musca_domestica"
"318","Launaea_arborescens","Oscinella_sp_1",18,0.736629381016137,0.0798019062019115,1.32387370531188e-06,"Launaea_arborescens_Oscinella_sp_1"
"319","Launaea_arborescens","Plagiolepis_schmitzii",14,0.972610298520635,0.102482878604973,4.57792014574294e-09,"Launaea_arborescens_Plagiolepis_schmitzii"
"320","Launaea_arborescens","Sarcophagidae_sp_5",9,0.646239758908842,0.0213941973076426,0.000191312231007574,"Launaea_arborescens_Sarcophagidae_sp_5"
"321","Launaea_arborescens","Sarcophagidae_sp_8",7,0.721415040921624,0.0599213339643759,0.00172659251447314,"Launaea_arborescens_Sarcophagidae_sp_8"
"322","Launaea_arborescens","Thysanoptera_sp_1",82,0.987474404652723,0.0409200500041139,2.87932082871132e-81,"Launaea_arborescens_Thysanoptera_sp_1"
"323","Launaea_arborescens","Thysanoptera_sp_7",13,0.96314927384644,0.0434924170006207,1.1294098510554e-12,"Launaea_arborescens_Thysanoptera_sp_7"
"324","Lotus_lancerottensis","Plagiolepis_schmitzii",5,0.999999999665006,7.49070123866952e-10,2.95162500870748e-36,"Lotus_lancerottensis_Plagiolepis_schmitzii"
"325","Lotus_sessilifolius","Myopites_nigrescens",7,0.907667214987949,0.0982983295920356,0.000167910041893736,"Lotus_sessilifolius_Myopites_nigrescens"
"326","Lotus_sessilifolius","Thysanoptera_sp_1",5,0.902488994542237,0.127032395096952,0.00598732460886976,"Lotus_sessilifolius_Thysanoptera_sp_1"
"327","Lycium_intricatum","Attagenus_wollastoni",5,0.636824349839091,0.0241906862339995,0.0271804872816734,"Lycium_intricatum_Attagenus_wollastoni"
"328","Lycium_intricatum","Attalus_obscurus",16,0.780690316444839,0.0876679077266786,5.93347366697389e-07,"Lycium_intricatum_Attalus_obscurus"
"329","Lycium_intricatum","Blaesoxipha_sp_1",5,0.664332518171055,0.0525564014616786,0.0520609698420413,"Lycium_intricatum_Blaesoxipha_sp_1"
"330","Lycium_intricatum","Chrysomya_albiceps",44,0.858336699774385,0.117512948233083,2.99324191075563e-18,"Lycium_intricatum_Chrysomya_albiceps"
"331","Lycium_intricatum","Dasytes_subaenescens",6,0.634265694511376,0.0356991040627385,0.0654676417211507,"Lycium_intricatum_Dasytes_subaenescens"
"332","Lycium_intricatum","Eumerus_latitarsis",16,0.741481664713116,0.0883822699181013,1.18758076189086e-05,"Lycium_intricatum_Eumerus_latitarsis"
"333","Lycium_intricatum","Eumerus_nivariae",5,0.64160335548846,0.0301246800314158,0.0366420068663874,"Lycium_intricatum_Eumerus_nivariae"
"334","Lycium_intricatum","Lucilia_sericata",21,0.721970137094125,0.0898033555396798,4.4439733272441e-06,"Lycium_intricatum_Lucilia_sericata"
"335","Lycium_intricatum","Meligethes_canariensis",5,0.716181367527875,0.022720216969959,0.000333801685218594,"Lycium_intricatum_Meligethes_canariensis"
"336","Lycium_intricatum","Musca_domestica",20,0.715562983201746,0.0775274364577522,2.2464895419114e-06,"Lycium_intricatum_Musca_domestica"
"337","Lycium_intricatum","Myopites_nigrescens",14,0.821013060118951,0.107625311729848,3.46830645094473e-06,"Lycium_intricatum_Myopites_nigrescens"
"338","Lycium_intricatum","Oscinella_sp_1",15,0.70406023576584,0.0450496633051905,3.64229201596098e-07,"Lycium_intricatum_Oscinella_sp_1"
"339","Lycium_intricatum","Plagiolepis_schmitzii",25,0.999999999830586,4.6842960976286e-10,4.37110258367364e-216,"Lycium_intricatum_Plagiolepis_schmitzii"
"340","Lycium_intricatum","Thysanoptera_sp_2",53,0.912670525056081,0.108710622923165,5.3234792237471e-27,"Lycium_intricatum_Thysanoptera_sp_2"
"341","Lycium_intricatum","Thysanoptera_sp_7",12,0.916201491731046,0.102807807658855,3.91025770015974e-07,"Lycium_intricatum_Thysanoptera_sp_7"
"342","Nauplius_aquaticus","Anaspis_proteus",9,0.987599773738381,0.0164172699033827,1.75831246528854e-12,"Nauplius_aquaticus_Anaspis_proteus"
"343","Nauplius_aquaticus","Anthophora_alluaudi",8,0.7380446658837,0.0705283663318353,0.000872638225100491,"Nauplius_aquaticus_Anthophora_alluaudi"
"344","Nauplius_aquaticus","Dasytes_subaenescens",6,0.720210823364175,0.0888513059371024,0.0211467060144952,"Nauplius_aquaticus_Dasytes_subaenescens"
"345","Nauplius_aquaticus","Estheria_simonyi",6,0.685587386120445,0.0729608078499142,0.0348558963493065,"Nauplius_aquaticus_Estheria_simonyi"
"346","Nauplius_aquaticus","Lasioglossum_viride",9,0.829098952040395,0.0870717893218558,4.80868946257396e-05,"Nauplius_aquaticus_Lasioglossum_viride"
"347","Nauplius_aquaticus","Meligethes_canariensis",9,0.807481377335638,0.0894725838102499,0.000117611736203227,"Nauplius_aquaticus_Meligethes_canariensis"
"348","Nauplius_aquaticus","Plagiolepis_sp_2",5,0.975588613368353,0.0098135357516747,1.11755367520657e-07,"Nauplius_aquaticus_Plagiolepis_sp_2"
"349","Nauplius_aquaticus","Thysanoptera_sp_1",5,0.950004388185015,0.103900493685455,0.00166344181111858,"Nauplius_aquaticus_Thysanoptera_sp_1"
"350","Periploca_laevigata","Agromyzidae_sp_1",15,0.83944766140511,0.0868782967249387,4.13787401695843e-08,"Periploca_laevigata_Agromyzidae_sp_1"
"351","Periploca_laevigata","Amegilla_quadrifasciata",12,0.775602413632,0.0724135999245128,4.0934564512239e-06,"Periploca_laevigata_Amegilla_quadrifasciata"
"352","Periploca_laevigata","Ammophila_terminata",5,0.81008080596404,0.073528409833158,0.00308094048907961,"Periploca_laevigata_Ammophila_terminata"
"353","Periploca_laevigata","Anthophora_alluaudi",23,0.831479915732415,0.0920221683684477,3.59033761879454e-11,"Periploca_laevigata_Anthophora_alluaudi"
"354","Periploca_laevigata","Anthophora_orotavae",11,0.76076188932095,0.101864520919515,0.000381934497813479,"Periploca_laevigata_Anthophora_orotavae"
"355","Periploca_laevigata","Aprostocetus_sp_2",5,0.75495526204904,0.117729095686218,0.0422577672914887,"Periploca_laevigata_Aprostocetus_sp_2"
"356","Periploca_laevigata","Attagenus_wollastoni",8,0.799691175212339,0.0731249357672921,0.000113981646544026,"Periploca_laevigata_Attagenus_wollastoni"
"357","Periploca_laevigata","Attalus_pallipes",12,0.791175451017581,0.0752955348628842,2.62367705991926e-06,"Periploca_laevigata_Attalus_pallipes"
"358","Periploca_laevigata","Attalus_ruficollis",5,0.812756091478694,0.0859867136629004,0.00521536138299166,"Periploca_laevigata_Attalus_ruficollis"
"359","Periploca_laevigata","Aulacoderus_canariensis",6,0.726156075383538,0.0917232803924487,0.0199108678423789,"Periploca_laevigata_Aulacoderus_canariensis"
"360","Periploca_laevigata","Blaesoxipha_sp_1",11,0.775716517600781,0.104385127800132,0.000233120695427876,"Periploca_laevigata_Blaesoxipha_sp_1"
"361","Periploca_laevigata","Bracon_sp",13,0.763467551024418,0.0788618788980062,7.49304669117106e-06,"Periploca_laevigata_Bracon_sp"
"362","Periploca_laevigata","Ceratogoponidae_sp",5,0.728317336089618,0.0541526021604652,0.00609344584245375,"Periploca_laevigata_Ceratogoponidae_sp"
"363","Periploca_laevigata","Chalicodoma_canescens",7,0.829282035254269,0.0345313683354452,2.18330952606231e-06,"Periploca_laevigata_Chalicodoma_canescens"
"364","Periploca_laevigata","Chetogena_acuminata",17,0.796756376308153,0.0869937750859068,7.19397035302766e-08,"Periploca_laevigata_Chetogena_acuminata"
"365","Periploca_laevigata","Chironomidae_sp",6,0.709552994108968,0.0438727183198672,0.00169357583396497,"Periploca_laevigata_Chironomidae_sp"
"366","Periploca_laevigata","Crematogaster_alluaudi",5,0.753202622996978,0.0219543131530412,9.84979389214459e-05,"Periploca_laevigata_Crematogaster_alluaudi"
"367","Periploca_laevigata","Cryptocephalus_gounellei",8,0.805258889890213,0.0719217105757171,8.6069739984704e-05,"Periploca_laevigata_Cryptocephalus_gounellei"
"368","Periploca_laevigata","Dasytes_cf_subaenescens",11,0.745761323420892,0.0601697461865596,1.1338785293828e-05,"Periploca_laevigata_Dasytes_cf_subaenescens"
"369","Periploca_laevigata","Dasytes_subaenescens",20,0.856801885977321,0.0684417403786425,7.53944868215532e-13,"Periploca_laevigata_Dasytes_subaenescens"
"370","Periploca_laevigata","Dinarmoides_spilopterus",12,0.802670552806693,0.0969556011307104,1.66275539331024e-05,"Periploca_laevigata_Dinarmoides_spilopterus"
"371","Periploca_laevigata","Elasmus_platyedrae",8,0.813741076440221,0.0662141611420079,3.88477709487431e-05,"Periploca_laevigata_Elasmus_platyedrae"
"372","Periploca_laevigata","Eristalinus_aeneus",11,0.795072329194134,0.0870782838443125,2.23638625743485e-05,"Periploca_laevigata_Eristalinus_aeneus"
"373","Periploca_laevigata","Eristalinus_taeniops",10,0.835428250898425,0.0997211636940136,3.82824378393042e-05,"Periploca_laevigata_Eristalinus_taeniops"
"374","Periploca_laevigata","Eucera_gracilipes",7,0.765904286427558,0.0882577814655617,0.00251827005920046,"Periploca_laevigata_Eucera_gracilipes"
"375","Periploca_laevigata","Euderus_sp",11,0.74759073447924,0.0764908420517087,7.8375183728931e-05,"Periploca_laevigata_Euderus_sp"
"376","Periploca_laevigata","Eumerus_nivariae",5,0.891116695118071,0.0151656583681531,1.76123785011627e-06,"Periploca_laevigata_Eumerus_nivariae"
"377","Periploca_laevigata","Eupelmus_sp",10,0.790583719797541,0.0593996362575127,3.17071560956214e-06,"Periploca_laevigata_Eupelmus_sp"
"378","Periploca_laevigata","Eurytoma_sp_1",12,0.805434158764313,0.0755755629675971,1.34380346061063e-06,"Periploca_laevigata_Eurytoma_sp_1"
"379","Periploca_laevigata","Gnaphosidae_sp_1",7,0.792528692441348,0.106302634842712,0.00302596927388881,"Periploca_laevigata_Gnaphosidae_sp_1"
"380","Periploca_laevigata","Holepyris_sp",7,0.790789087062583,0.101775362006594,0.00255288736996672,"Periploca_laevigata_Holepyris_sp"
"381","Periploca_laevigata","Hylaeus_ater",7,0.78641776124569,0.0397967736554451,1.68448179278364e-05,"Periploca_laevigata_Hylaeus_ater"
"382","Periploca_laevigata","Lasioglossum_loetum",15,0.778932966271074,0.053663832739228,3.62619009775649e-09,"Periploca_laevigata_Lasioglossum_loetum"
"383","Periploca_laevigata","Leptochilus_cruentatus",12,0.780719483597934,0.0677613708835924,1.62125964614945e-06,"Periploca_laevigata_Leptochilus_cruentatus"
"384","Periploca_laevigata","Leptochilus_eatoni",14,0.805115471269001,0.0729628929037787,9.97584346338308e-08,"Periploca_laevigata_Leptochilus_eatoni"
"385","Periploca_laevigata","Macrocoma_splendens",9,0.822699115654653,0.0680402972401808,9.7257025215156e-06,"Periploca_laevigata_Macrocoma_splendens"
"386","Periploca_laevigata","Malthinus_mutabilis",9,0.782719219098297,0.0488260163871265,3.55566719303476e-06,"Periploca_laevigata_Malthinus_mutabilis"
"387","Periploca_laevigata","Megachile_canariensis",8,0.863010729272328,0.103137089930984,0.000175495033696583,"Periploca_laevigata_Megachile_canariensis"
"388","Periploca_laevigata","Megaselia_sp_2",6,0.776489978442808,0.0659001764646115,0.00123391842566346,"Periploca_laevigata_Megaselia_sp_2"
"389","Periploca_laevigata","Meligethes_canariensis",14,0.820376253242186,0.118067910047878,9.56882220828683e-06,"Periploca_laevigata_Meligethes_canariensis"
"390","Periploca_laevigata","Meligethes_cf_canariensis",8,0.783936092058894,0.0995627856112935,0.00121864672323157,"Periploca_laevigata_Meligethes_cf_canariensis"
"391","Periploca_laevigata","Minotetrastichus_sp",5,0.770323963757097,0.0423042833323582,0.000842833277170905,"Periploca_laevigata_Minotetrastichus_sp"
"392","Periploca_laevigata","Myathropa_florea",8,0.717960425538573,0.0365737214648422,3.90640160396521e-05,"Periploca_laevigata_Myathropa_florea"
"393","Periploca_laevigata","Myopites_nigrescens",17,0.949724508659811,0.0745466399302928,1.60058418126044e-12,"Periploca_laevigata_Myopites_nigrescens"
"394","Periploca_laevigata","Nomioides_fortunatus",6,0.735629697012465,0.102248247186688,0.0227163971794011,"Periploca_laevigata_Nomioides_fortunatus"
"395","Periploca_laevigata","Oscinella_sp_1",9,0.8364816966755,0.0648867636197741,4.34295078986341e-06,"Periploca_laevigata_Oscinella_sp_1"
"396","Periploca_laevigata","Oscinella_sp_2",10,0.809688814094714,0.0958446056116303,6.92330500996009e-05,"Periploca_laevigata_Oscinella_sp_2"
"397","Periploca_laevigata","Phthiria_simonyi",16,0.798752500414502,0.0839422016335238,1.01669593259719e-07,"Periploca_laevigata_Phthiria_simonyi"
"398","Periploca_laevigata","Phyto_discrepans",10,0.788216984858163,0.0835644184731667,5.52896020274778e-05,"Periploca_laevigata_Phyto_discrepans"
"399","Periploca_laevigata","Plagiolepis_schmitzii",9,0.758222306308293,0.110469454399179,0.00262703824023027,"Periploca_laevigata_Plagiolepis_schmitzii"
"400","Periploca_laevigata","Platypalpus_sp",11,0.781760733651427,0.0715169597709764,7.42861430896845e-06,"Periploca_laevigata_Platypalpus_sp"
"401","Periploca_laevigata","Platypalpus_sp_2",6,0.813386500194447,0.0998683011610155,0.00337117822841672,"Periploca_laevigata_Platypalpus_sp_2"
"402","Periploca_laevigata","Pteromalus_sp_1",13,0.795610749852477,0.06570577875817,1.65742487822054e-07,"Periploca_laevigata_Pteromalus_sp_1"
"403","Periploca_laevigata","Pteromalus_sp_3",5,0.856982120348744,0.109687652874935,0.00634554013405903,"Periploca_laevigata_Pteromalus_sp_3"
"404","Periploca_laevigata","Pteromalus_sp_4",17,0.826390168628581,0.0723182612709797,7.10763798836062e-10,"Periploca_laevigata_Pteromalus_sp_4"
"405","Periploca_laevigata","Sibinia_sericea",7,0.778697284365027,0.105674601424277,0.00421933485908897,"Periploca_laevigata_Sibinia_sericea"
"406","Periploca_laevigata","Sphaeniscus_filiolus",6,0.786769944359541,0.0605519930578995,0.000643853913738704,"Periploca_laevigata_Sphaeniscus_filiolus"
"407","Periploca_laevigata","Stomorhina_lunata",7,0.813820756005632,0.0437518205245955,1.31666019883269e-05,"Periploca_laevigata_Stomorhina_lunata"
"408","Periploca_laevigata","Syritta_pipiens",19,0.800698734768647,0.0740785516721344,6.52718744200936e-10,"Periploca_laevigata_Syritta_pipiens"
"409","Periploca_laevigata","Tethina_marmorata",8,0.760894486714114,0.0547071855873156,7.09825885753828e-05,"Periploca_laevigata_Tethina_marmorata"
"410","Periploca_laevigata","Themnothorax_hesperius",30,0.922907295068793,0.0885664665897355,1.71094074346043e-18,"Periploca_laevigata_Themnothorax_hesperius"
"411","Periploca_laevigata","Thomisus_cf_onustus",6,0.814624434124111,0.0449640429239012,8.04279375278752e-05,"Periploca_laevigata_Thomisus_cf_onustus"
"412","Periploca_laevigata","Thysanoptera_sp_1",31,0.966791499742116,0.0896554845768676,1.72239541946817e-20,"Periploca_laevigata_Thysanoptera_sp_1"
"413","Periploca_laevigata","Thysanoptera_sp_2",33,0.969394848895623,0.0653759378171914,4.61332239290319e-26,"Periploca_laevigata_Thysanoptera_sp_2"
"414","Periploca_laevigata","Thysanoptera_sp_3",18,0.801435769883669,0.0762428855525856,2.83442087433928e-09,"Periploca_laevigata_Thysanoptera_sp_3"
"415","Periploca_laevigata","Thysanoptera_sp_7",13,0.948310226522314,0.0949189822857345,1.61772109952402e-08,"Periploca_laevigata_Thysanoptera_sp_7"
"416","Periploca_laevigata","Torymoides_lindbergi",10,0.754851036462864,0.0887321146118468,0.00037112738122881,"Periploca_laevigata_Torymoides_lindbergi"
"417","Periploca_laevigata","Trixoscelis_sp",7,0.775161606006482,0.0721611287787369,0.00067312411464097,"Periploca_laevigata_Trixoscelis_sp"
"418","Periploca_laevigata","Urelliosoma_guimari",17,0.857388720946456,0.0862951977710034,1.44125523251256e-09,"Periploca_laevigata_Urelliosoma_guimari"
"419","Phagnalon_purpurascens","Thysanoptera_sp_1",5,0.999999494802291,4.58635754589907e-07,4.14806072170753e-25,"Phagnalon_purpurascens_Thysanoptera_sp_1"
"420","Plocama_pendula","Anaspis_proteus",23,0.855793931171458,0.105560433551275,7.3415364149698e-11,"Plocama_pendula_Anaspis_proteus"
"421","Plocama_pendula","Anthophora_alluaudi",8,0.801149611314277,0.120285140894972,0.00213279335172461,"Plocama_pendula_Anthophora_alluaudi"
"422","Plocama_pendula","Chrysomya_albiceps",12,0.818837997876065,0.0963095934355237,7.61922183120709e-06,"Plocama_pendula_Chrysomya_albiceps"
"423","Plocama_pendula","Musca_domestica",12,0.760660135534365,0.0735354033535842,1.10241175533571e-05,"Plocama_pendula_Musca_domestica"
"424","Plocama_pendula","Thysanoptera_sp_1",13,0.986804710265971,0.0361335384429123,5.89319740325979e-14,"Plocama_pendula_Thysanoptera_sp_1"
"425","Plocama_pendula","Thysanoptera_sp_2",8,0.956391018927155,0.0157797445091396,6.05141614596686e-11,"Plocama_pendula_Thysanoptera_sp_2"
"426","Rubia_fruticosa","Andrena_vulcana",5,0.706990729498476,0.116993269953097,0.110328599094557,"Rubia_fruticosa_Andrena_vulcana"
"427","Rubia_fruticosa","Anthophora_alluaudi",21,0.857675960449266,0.0857873831372652,1.1614292840015e-11,"Rubia_fruticosa_Anthophora_alluaudi"
"428","Rubia_fruticosa","Apis_mellifera",9,0.66889511791981,0.0675606213996404,0.0156001663328596,"Rubia_fruticosa_Apis_mellifera"
"429","Rubia_fruticosa","Chrysomya_albiceps",18,0.807982165449152,0.120190142355679,1.15142420913776e-06,"Rubia_fruticosa_Chrysomya_albiceps"
"430","Rubia_fruticosa","Eumerus_latitarsis",8,0.734837494771711,0.0738540704757296,0.00130377342115816,"Rubia_fruticosa_Eumerus_latitarsis"
"431","Rubia_fruticosa","Lasioglossum_loetum",20,0.770904660248874,0.0752843443487499,4.12339567450664e-09,"Rubia_fruticosa_Lasioglossum_loetum"
"432","Rubia_fruticosa","Lasioglossum_viride",21,0.850778489279174,0.0982347732036187,2.12821004970084e-10,"Rubia_fruticosa_Lasioglossum_viride"
"433","Rubia_fruticosa","Meligethes_canariensis",9,0.704993056874462,0.0501574510165166,0.000237913180798689,"Rubia_fruticosa_Meligethes_canariensis"
"434","Rubia_fruticosa","Plagiolepis_sp_2",22,0.873410452968028,0.168657770956039,1.84174642777693e-07,"Rubia_fruticosa_Plagiolepis_sp_2"
"435","Rubia_fruticosa","Thysanoptera_sp_1",30,0.999286929765368,0.00305327609856982,3.75072074912481e-63,"Rubia_fruticosa_Thysanoptera_sp_1"
"436","Rubia_fruticosa","Thysanoptera_sp_2",20,0.953429165593331,0.0563130193477649,6.24311608663344e-17,"Rubia_fruticosa_Thysanoptera_sp_2"
"437","Rubia_fruticosa","Thysanoptera_sp_7",13,0.943170794385162,0.0703268559401342,6.19476899859742e-10,"Rubia_fruticosa_Thysanoptera_sp_7"
"438","Satureja_kuegleri","Anaspis_proteus",7,0.894657537456559,0.0417509903936981,1.52282247347926e-06,"Satureja_kuegleri_Anaspis_proteus"
"439","Satureja_kuegleri","Camponotus_feae",7,0.999893608374878,0.000260090247927075,1.48965903486252e-20,"Satureja_kuegleri_Camponotus_feae"
"440","Satureja_kuegleri","Myopites_nigrescens",5,0.937134467363428,0.0197888366969189,2.83587603509204e-06,"Satureja_kuegleri_Myopites_nigrescens"
"441","Satureja_kuegleri","Plagiolepis_sp_2",6,0.801787684828722,0.0535626801622565,0.000250967273578159,"Satureja_kuegleri_Plagiolepis_sp_2"
"442","Satureja_kuegleri","Thysanoptera_sp_2",5,0.99760679416279,0.00230775547293921,2.7235522140504e-10,"Satureja_kuegleri_Thysanoptera_sp_2"
"443","Schizogyne_sericea","Agromyzidae_sp_1",5,0.631765178962514,0.0334239642609896,0.100762445763605,"Schizogyne_sericea_Agromyzidae_sp_1"
"444","Schizogyne_sericea","Anthophora_alluaudi",13,0.761896984526968,0.0941536948171143,4.58837907130139e-05,"Schizogyne_sericea_Anthophora_alluaudi"
"445","Schizogyne_sericea","Chrysomya_albiceps",24,0.904581706506453,0.098507324806201,1.8633471154026e-13,"Schizogyne_sericea_Chrysomya_albiceps"
"446","Schizogyne_sericea","Colletes_dimidiatus",5,0.659441898747348,0.107904489643065,0.285488669886046,"Schizogyne_sericea_Colletes_dimidiatus"
"447","Schizogyne_sericea","Eumerus_latitarsis",11,0.695447015749911,0.0594757351853973,0.000336525089196266,"Schizogyne_sericea_Eumerus_latitarsis"
"448","Schizogyne_sericea","Lasioglossum_loetum",23,0.751055919140837,0.0748855122344694,2.19887125984874e-09,"Schizogyne_sericea_Lasioglossum_loetum"
"449","Schizogyne_sericea","Lucilia_sericata",8,0.822370343528939,0.10232785063829,0.000469144347043975,"Schizogyne_sericea_Lucilia_sericata"
"450","Schizogyne_sericea","Meligethes_canariensis",7,0.678497939349155,0.0346091109905005,0.000963771232938906,"Schizogyne_sericea_Meligethes_canariensis"
"451","Schizogyne_sericea","Musca_domestica",20,0.712511838759416,0.0717341371434406,1.11486426206581e-06,"Schizogyne_sericea_Musca_domestica"
"452","Schizogyne_sericea","Oscinella_sp_1",14,0.686789562005249,0.0659269305663643,0.000277133147631104,"Schizogyne_sericea_Oscinella_sp_1"
"453","Schizogyne_sericea","Pteromalus_sp_4",6,0.619068835081043,0.0113615259115721,0.0092534836792386,"Schizogyne_sericea_Pteromalus_sp_4"
"454","Schizogyne_sericea","Sarcophagidae_sp_5",7,0.671529074339899,0.0583196926355791,0.017575957404496,"Schizogyne_sericea_Sarcophagidae_sp_5"
"455","Schizogyne_sericea","Synthesomyia_nudiseta",8,0.642271840073279,0.0398028749698948,0.0198331614724611,"Schizogyne_sericea_Synthesomyia_nudiseta"
"456","Schizogyne_sericea","Thysanoptera_sp_7",12,0.928944795073345,0.0792042631143942,1.76697094441992e-08,"Schizogyne_sericea_Thysanoptera_sp_7"
