node_from,node_to,n,mean_pred,sd_pred,p_value
Argyranthemum_frutescens,Agromyzidae_sp_1,23,0.9540244310080813,0.030629437230283992,2.579493297705256e-17
Argyranthemum_frutescens,Amegilla_quadrifasciata,8,0.8626149424893593,0.038087722756686176,0.002342315820413373
Argyranthemum_frutescens,Anthophora_alluaudi,84,0.9549929203700399,0.04511994722734515,6.451502196490091e-48
Argyranthemum_frutescens,Blaesoxipha_sp_1,9,0.9509965415919006,0.0590169998666642,5.8754592089109065e-5
Argyranthemum_frutescens,Bracon_sp,14,0.9302699276952365,0.040674398351765596,2.1243348857663196e-8
Argyranthemum_frutescens,Chetogena_acuminata,18,0.9350453535496334,0.06901771348959528,2.1977418829627356e-7
Argyranthemum_frutescens,Chloropidae_sp,5,0.8884918749471922,0.06378040409711964,0.036136100009728896
Argyranthemum_frutescens,Chloropidae_sp_5,14,0.9684435412733958,0.029182236519389147,1.4375569313274295e-11
Argyranthemum_frutescens,Chrysomya_albiceps,42,0.9889592753349523,0.015023697003270968,5.515866784853331e-47
Argyranthemum_frutescens,Dinarmoides_spilopterus,15,0.9635425518239044,0.01083908748186742,3.970006395827872e-18
Argyranthemum_frutescens,Eristalinus_taeniops,10,0.9439899196779964,0.04725693256296707,4.870543045811975e-6
Argyranthemum_frutescens,Estheria_simonyi,8,0.9770559659697342,0.024380790332305762,1.6266111070838512e-7
Argyranthemum_frutescens,Euderus_sp,14,0.9522976060468712,0.053516428665942736,8.642332274636864e-8
Argyranthemum_frutescens,Eumerus_latitarsis,16,0.9751006733806185,0.02644188673130149,5.207908366555609e-14
Argyranthemum_frutescens,Geometridae_sp,6,0.9224805544023101,0.020478007752229934,2.676642873591287e-5
Argyranthemum_frutescens,Leptochilus_eatoni,17,0.9807617922169269,0.03732251627346636,9.799301564721088e-13
Argyranthemum_frutescens,Lucilia_sericata,28,0.9733829604485763,0.037288614328132894,5.0278113481037593e-20
Argyranthemum_frutescens,Malthinus_mutabilis,14,0.9461196803519051,0.04800502020506921,3.9011262158754934e-8
Argyranthemum_frutescens,Musca_domestica,67,0.9490925204002633,0.05527263077897294,3.4637476196284514e-32
Argyranthemum_frutescens,Phthiria_simonyi,14,0.9546521307289694,0.03839576776158629,1.3025829796799534e-9
Argyranthemum_frutescens,Phyto_discrepans,8,0.9476969261891985,0.05024882481037608,7.12469947697029e-5
Argyranthemum_frutescens,Plagiolepis_schmitzii,8,0.9842739628530192,0.03451108360197886,1.3414274267112237e-6
Argyranthemum_frutescens,Sarcophagidae_sp_5,30,0.9609515766226808,0.0429670676240954,8.208443738466704e-19
Argyranthemum_frutescens,Sarcophagidae_sp_8,12,0.9472685095096025,0.04756360062308428,3.655276308676439e-7
Argyranthemum_frutescens,Sciaridae_sp,28,0.9452534942295796,0.04220310320414356,1.078562202048768e-16
Argyranthemum_frutescens,Sciaridae_sp_1,7,0.9511770898889539,0.02539022918087961,4.1481091032439224e-6
Argyranthemum_frutescens,Synthesomyia_nudiseta,5,0.9343796256006017,0.05511567448963897,0.005499787187888927
Argyranthemum_frutescens,Thomisus_cf_onustus,5,0.9182643938014474,0.032421954150310954,0.001229810286791769
Argyranthemum_frutescens,Urelliosoma_guimari,37,0.9647934342260801,0.03848450589922341,5.935906997057475e-25
Asphaltklee_bituminosa,Anaspis_proteus,7,0.9168348468756002,0.06855584121334811,0.0040649608598086456
Asphaltklee_bituminosa,Camponotus_feae,26,0.9999569510662569,2.126028496493695e-4,4.4824992698317826e-76
Asphaltklee_bituminosa,Thysanoptera_sp_1,16,0.9593906961460152,0.03083839531965597,1.950419569845493e-12
Asphaltklee_bituminosa,Thysanoptera_sp_7,6,0.8813135565716297,0.07279271223817785,0.040975953622631
Ceballosia_fruticosa,Eumerus_latitarsis,7,0.8570587420585426,0.028996444424504237,0.002002634385901574
Ceballosia_fruticosa,Lasioglossum_viride,14,0.8975003787168864,0.0490552102758148,4.9264966175419385e-6
Ceballosia_fruticosa,Thysanoptera_sp_1,47,0.963523402061405,0.05428128642923134,6.620052609924835e-25
Ceballosia_fruticosa,Thysanoptera_sp_2,46,0.9422218414952278,0.05546687901394903,1.3473551665036216e-21
Ceballosia_fruticosa,Thysanoptera_sp_7,11,0.9483138748737762,0.06810818181813971,2.8498733491048654e-5
Ceropegia_dichotoma,Anaspis_proteus,10,0.9096724896783469,0.06686604258783994,5.741684834165533e-4
Ceropegia_dichotoma,Thysanoptera_sp_1,22,0.9601715501446252,0.057648188015671835,1.567153647185179e-11
Ceropegia_dichotoma,Thysanoptera_sp_2,10,0.8909563271716827,0.05289109007659362,4.11978268710377e-4
Ceropegia_fusca,Themnothorax_hesperius,5,0.9303947539892626,0.041683242939158274,0.002198085226798386
Ceropegia_fusca,Thysanoptera_sp_1,17,0.9509292214414533,0.04844761724813509,7.632347931695933e-10
Ceropegia_fusca,Thysanoptera_sp_2,5,0.9280567671090699,0.040448216737268824,0.002101489635934275
Euphorbia_balsamifera_f,Amegilla_quadrifasciata,62,0.969050101390031,0.04747463260367086,1.4898145147866599e-36
Euphorbia_balsamifera_f,Anaspis_proteus,207,0.9765008892975939,0.043609699842480934,6.706813893089152e-130
Euphorbia_balsamifera_f,Andrena_vulcana,14,0.9543850089709762,0.05056892939700685,3.764716220259816e-8
Euphorbia_balsamifera_f,Anthophora_alluaudi,189,0.96179082257023,0.05319446760409935,3.8007520743375686e-97
Euphorbia_balsamifera_f,Anthophora_orotavae,38,0.9698771080546548,0.04156268680136806,6.826393052806059e-25
Euphorbia_balsamifera_f,Attagenus_wollastoni,29,0.9150411669551571,0.06075307897951211,6.242229921388127e-11
Euphorbia_balsamifera_f,Attalus_obscurus,17,0.981431264146951,0.037215617064023376,8.855807749554762e-13
Euphorbia_balsamifera_f,Bracon_sp,18,0.9708294576672784,0.054159926291640056,1.866605836177657e-10
Euphorbia_balsamifera_f,Campiglossa_martii,7,0.9745321673548366,0.006581193478387867,5.638922755316704e-10
Euphorbia_balsamifera_f,Chalicodoma_sicula,10,0.966889638868411,0.02277860273374981,2.4728948571307105e-9
Euphorbia_balsamifera_f,Chloropidae_sp_1,5,0.9659776888001851,0.013239891245509176,9.635503225657766e-6
Euphorbia_balsamifera_f,Chloropidae_sp_5,11,0.9465490385818149,0.04640880847127304,1.038844337595554e-6
Euphorbia_balsamifera_f,Coccinella_miranda,7,0.9638962737015465,0.044515078815001094,6.72491491010789e-5
Euphorbia_balsamifera_f,Dasytes_subaenescens,14,0.913277264870153,0.06099827082254069,1.0089916361826822e-5
Euphorbia_balsamifera_f,Diglyphus_chabrias,5,0.982721634430833,0.005250270983979263,1.6341815335519259e-7
Euphorbia_balsamifera_f,Dinarmoides_spilopterus,36,0.9117092052871357,0.07152151095947704,4.506988553941741e-11
Euphorbia_balsamifera_f,Eristalinus_aeneus,7,0.8761146458485425,0.026268857868682816,2.575656891763419e-4
Euphorbia_balsamifera_f,Eristalinus_taeniops,23,0.9230207408788577,0.06522443650527991,7.2490093894389225e-9
Euphorbia_balsamifera_f,Eristalis_tenax,8,0.9269396885626959,0.05445686223422091,3.0626520521763836e-4
Euphorbia_balsamifera_f,Eucera_gracilipes,10,0.9331824032321198,0.0612360001913888,7.245555672703926e-5
Euphorbia_balsamifera_f,Euderus_sp,9,0.9034009709669114,0.060307670914941394,8.811455878568908e-4
Euphorbia_balsamifera_f,Eurytoma_sp_1,6,0.9234430827487075,0.04210034710423035,8.143212717809491e-4
Euphorbia_balsamifera_f,Exhyalanthrax_canarionae,5,0.8559746423337226,0.05196492936523933,0.0736658403581171
Euphorbia_balsamifera_f,Geometridae_sp_2,8,0.9479539844973854,0.02261342643660251,3.3365172886943527e-7
Euphorbia_balsamifera_f,Hylaeus_hohmanni,14,0.9619260894237736,0.04583968506223087,6.505496218630024e-9
Euphorbia_balsamifera_f,Lasioglossum_loetum,113,0.9702983950987564,0.03913359365275649,7.949647287253505e-75
Euphorbia_balsamifera_f,Leptochilus_cruentatus,8,0.9483315980142051,0.042340976499553276,2.272658980510767e-5
Euphorbia_balsamifera_f,Leptochilus_eatoni,9,0.8583290159798933,0.03328378070819363,7.668921368802919e-4
Euphorbia_balsamifera_f,Malthinus_mutabilis,5,0.9252260422817656,0.07398710715236412,0.01935827715000355
Euphorbia_balsamifera_f,Melecta_curvispina,7,0.8674864533784443,0.0456270183787927,0.007862404852313
Euphorbia_balsamifera_f,Meligethes_canariensis,25,0.9502722836015504,0.04459805661220963,8.438304103172782e-15
Euphorbia_balsamifera_f,Myopites_nigrescens,20,0.9503819525772618,0.048921289809321006,2.5261917648911006e-11
Euphorbia_balsamifera_f,Oscinimorpha_sp,6,0.9339391529178721,0.03839111408691797,3.6128321505102826e-4
Euphorbia_balsamifera_f,Phalacrus_coruscus,5,0.9569512587228675,0.021205233999193537,7.805980438362182e-5
Euphorbia_balsamifera_f,Phthiria_simonyi,35,0.9384491001655815,0.06297862968958558,9.392592104751819e-15
Euphorbia_balsamifera_f,Phyto_discrepans,8,0.8415583520349678,0.011078515990021904,1.4459964177417148e-5
Euphorbia_balsamifera_f,Pteromalus_sp_4,8,0.8972100617953994,0.03998260978335113,2.3621293529001953e-4
Euphorbia_balsamifera_f,Sarcophagidae_sp_8,8,0.9074658214317468,0.02033604015167803,1.4395742785612479e-6
Euphorbia_balsamifera_f,Scaeva_albomaculata,21,0.9499655779753277,0.05080970760055339,1.5959283765187906e-11
Euphorbia_balsamifera_f,Scenopinus_sp,28,0.9414887113249676,0.06671459325778771,1.1315592587180326e-11
Euphorbia_balsamifera_f,Synthesomyia_nudiseta,11,0.855760933218423,0.015256427915590565,2.656205026092777e-7
Euphorbia_balsamifera_f,Syritta_pipiens,22,0.9392758675207136,0.059329989954055605,3.4985538696122687e-10
Euphorbia_balsamifera_f,Tetramesa_sp,7,0.9635237415082473,0.014455698962127334,9.228855633325015e-8
Euphorbia_balsamifera_f,Thomisus_cf_onustus,12,0.9968980718406636,0.0016387492599576905,1.9337096670604936e-24
Euphorbia_balsamifera_f,Thysanoptera_sp_2,214,0.9825171923886945,0.03971159126143892,2.054088202977654e-145
Euphorbia_balsamifera_f,Thysanoptera_sp_3,59,0.9606460412816147,0.042814050136322786,4.557110031777124e-36
Euphorbia_balsamifera_f,Thysanoptera_sp_7,12,0.9826369210630368,0.029566164357924515,2.5850718929242605e-10
Euphorbia_balsamifera_f,Urelliosoma_guimari,65,0.9593185086223208,0.049688698993692146,1.3973025719801899e-35
Euphorbia_balsamifera_m,Alliophleps_elliptica,5,0.9820316576069371,0.03763430623609227,4.145764863131731e-4
Euphorbia_balsamifera_m,Amegilla_canifrons,6,0.9751751745153899,0.025868258699932374,1.4542340653354773e-5
Euphorbia_balsamifera_m,Amegilla_quadrifasciata,82,0.9961927435079612,0.014235305950287162,2.268813214946123e-94
Euphorbia_balsamifera_m,Anaspis_cf_eversi,6,0.9985590035760086,0.002808626951403269,1.2184085850460593e-10
Euphorbia_balsamifera_m,Andrena_vulcana,23,0.9822820710329618,0.03890464740403083,1.153008484483398e-16
Euphorbia_balsamifera_m,Anthophora_alluaudi,238,0.9918110571849227,0.026307079581492247,1.1547935985913011e-207
Euphorbia_balsamifera_m,Anthophora_orotavae,34,0.9963209648027941,0.015453993561157052,2.8456012803770874e-38
Euphorbia_balsamifera_m,Attalus_chrysanthemi,6,0.9782508645060567,0.04034128632205579,1.1684027600967688e-4
Euphorbia_balsamifera_m,Blaesoxipha_sp_1,17,0.9999584059707738,9.192226579601797e-5,4.8102021733414554e-55
Euphorbia_balsamifera_m,Chetogena_acuminata,82,0.9908345142400152,0.027688575966713907,2.9243478474400437e-70
Euphorbia_balsamifera_m,Chloropidae_sp_1,7,0.996858629152843,0.005302597688275983,7.504231362804543e-11
Euphorbia_balsamifera_m,Chloropidae_sp_5,8,0.9974593035104398,0.0027575614774930386,1.8882648742621817e-14
Euphorbia_balsamifera_m,Coccinella_miranda,16,0.9905620660618754,0.02032083479422514,3.0374782547379593e-16
Euphorbia_balsamifera_m,Curculionidae_sp,6,0.9865440553016955,0.029531842638868284,2.047523597334177e-5
Euphorbia_balsamifera_m,Elasmus_platyedrae,7,0.9608540391821192,0.029842277667041034,7.434487509320193e-6
Euphorbia_balsamifera_m,Eristalinus_aeneus,13,0.9923750199324064,0.007675425456386397,2.2523292242059855e-18
Euphorbia_balsamifera_m,Eristalinus_taeniops,34,0.967138672619567,0.05364420700585795,9.435751806402967e-19
Euphorbia_balsamifera_m,Eristalis_tenax,10,0.99097068965017,0.01332806945028354,6.2130378624333545e-12
Euphorbia_balsamifera_m,Eucera_gracilipes,15,0.9977352860358364,0.008511685353385525,9.582955038119602e-21
Euphorbia_balsamifera_m,Euderus_sp,13,0.9818460118809971,0.03275313879846579,1.380146789529917e-10
Euphorbia_balsamifera_m,Eupelmus_sp,7,0.8788819804088085,0.03116968819325956,5.384176516807645e-4
Euphorbia_balsamifera_m,Eurytoma_sp_1,11,0.9517496742825224,0.06992697767053853,2.9349316587725073e-5
Euphorbia_balsamifera_m,Exhyalanthrax_canarionae,8,0.9944319808446396,0.01474858413217455,2.5944947854319735e-9
Euphorbia_balsamifera_m,Geometridae_sp,5,0.9759110031933098,0.016920698793526437,2.0294280945903473e-5
Euphorbia_balsamifera_m,Goniozus_sp,8,0.9987053319509963,0.0019394950999972026,1.5388694539728477e-15
Euphorbia_balsamifera_m,Hylaeus_hohmanni,19,0.9941780938630931,0.011417658991383795,7.826822218613209e-24
Euphorbia_balsamifera_m,Leptochilus_cruentatus,15,0.9938968024349292,0.01718440822511457,2.2722792156324915e-16
Euphorbia_balsamifera_m,Macroglossum_stellatarum,9,0.9939466181560166,0.014401699381117707,1.5504424764388177e-10
Euphorbia_balsamifera_m,Melecta_curvispina,5,0.9824036799700028,0.02254815605169438,5.491914148822748e-5
Euphorbia_balsamifera_m,Meligethes_canariensis,17,0.999023572743822,0.00261136605831097,9.318526860371297e-32
Euphorbia_balsamifera_m,Myopites_nigrescens,11,0.9857496283773757,0.009872051232044808,2.715356111962901e-14
Euphorbia_balsamifera_m,Phthiria_simonyi,29,0.9994886724331613,0.0010103989232765254,4.887298877313807e-66
Euphorbia_balsamifera_m,Phyto_discrepans,10,0.9366661880144356,0.03181783684760732,2.662605577850237e-7
Euphorbia_balsamifera_m,Platypalpus_sp,11,0.9565974936420998,0.06751670874069714,1.6569434193202266e-5
Euphorbia_balsamifera_m,Pteromalus_sp_1,5,0.989429623205591,0.007677333048150429,6.461162066985147e-7
Euphorbia_balsamifera_m,Pteromalus_sp_4,12,0.9944304641604675,0.004367013201275515,1.0669707058854529e-19
Euphorbia_balsamifera_m,Sarcophagidae_sp_8,6,0.9408118200834474,0.04252303994516684,4.619623929807128e-4
Euphorbia_balsamifera_m,Scaeva_albomaculata,19,0.9903378942301669,0.021854919330094758,1.2339103670789617e-18
Euphorbia_balsamifera_m,Scenopinus_sp,26,0.9662603215680136,0.05138584157340222,5.993272155045965e-15
Euphorbia_balsamifera_m,Synthesomyia_nudiseta,7,0.8941384635558165,0.06880893336398428,0.01110130020462349
Euphorbia_balsamifera_m,Syritta_pipiens,30,0.996148969125382,0.0057508744601045365,3.131386878910097e-46
Euphorbia_balsamifera_m,Themnothorax_risii,7,0.9759943235364075,0.05108795838944259,9.802971717570709e-5
Euphorbia_balsamifera_m,Thysanoptera_sp_2,231,0.9971011418380118,0.017913874450382894,3.5619638677610695e-242
Euphorbia_balsamifera_m,Urelliosoma_guimari,84,0.986522037150926,0.03306386158896845,6.552092257834744e-65
Euphorbia_lamarckii,Amegilla_quadrifasciata,11,0.8601731371732182,0.02713910386711698,2.4432540601093688e-5
Euphorbia_lamarckii,Anthophora_alluaudi,8,0.8690495012951193,0.043268857295637404,0.0027528979220673047
Euphorbia_lamarckii,Anthophora_orotavae,6,0.8479369743663688,0.01913650989613771,0.0016695941963691717
Euphorbia_lamarckii,Chrysomya_albiceps,13,0.9449592339845034,0.04776477129530037,1.3423855621612558e-7
Euphorbia_lamarckii,Lasioglossum_viride,40,0.8877902807091467,0.04776554540369026,3.0537568025441715e-14
Euphorbia_lamarckii,Myopites_nigrescens,9,0.9434211313216905,0.026013743796957263,1.8025603494057052e-7
Euphorbia_lamarckii,Platypalpus_sp,7,0.8450424214070656,0.03406464657049919,0.012851647655307838
Euphorbia_lamarckii,Scenopinus_sp,8,0.8433625981276415,0.026699511321070627,0.002502956637897716
Euphorbia_lamarckii,Syritta_pipiens,6,0.8168650524958868,0.0159665899340844,0.04899525369606773
Euphorbia_lamarckii,Themnothorax_hesperius,36,0.9150617232543748,0.056219206160897275,3.036863026159154e-14
Euphorbia_lamarckii,Thysanoptera_sp_2,102,0.9530402319923209,0.05606640285439916,8.436241020912907e-49
Euphorbia_lamarckii,Thysanoptera_sp_7,12,0.9586421640142623,0.0337163238919264,4.739303633471528e-9
Euphorbia_lamarckii,Urelliosoma_guimari,6,0.8514059716671966,0.029318128659164253,0.007752903337752897
Euphorbia_regis_jubae,Amegilla_quadrifasciata,18,0.8879020835968144,0.0534635300628746,2.2365523317070555e-6
Euphorbia_regis_jubae,Anthophora_orotavae,6,0.8698678213339173,0.050240921189346255,0.01911789269250816
Euphorbia_regis_jubae,Apis_mellifera,15,0.914910216627629,0.05565226387649356,1.3756572154341926e-6
Euphorbia_regis_jubae,Attagenus_wollastoni,6,0.9096902850299815,0.036393763271068746,7.168450520882066e-4
Euphorbia_regis_jubae,Lasioglossum_loetum,26,0.9587051619906823,0.04271538277511597,2.4182630732548504e-16
Euphorbia_regis_jubae,Plagiolepis_sp_2,36,0.8733883342116933,0.043488193358933974,6.114746875951679e-12
Euphorbia_regis_jubae,Thysanoptera_sp_1,78,0.9908224423999695,0.026502451353868507,2.598314881844329e-68
Euphorbia_regis_jubae,Thysanoptera_sp_2,71,0.9434744955279747,0.06017696363739534,8.926270008121077e-31
Euphorbia_regis_jubae,Thysanoptera_sp_3,16,0.8863025764638978,0.043403511386665226,9.251033081546018e-7
Fagonia_albiflora,Apis_mellifera,47,0.9685027352707453,0.04359175401441394,1.6653222033747337e-29
Fagonia_albiflora,Aulacoderus_canariensis,6,0.9597631487505037,0.03596281345278613,1.1384041456483637e-4
Fagonia_albiflora,Bracon_sp,8,0.9699451708750773,0.03585604948488294,3.013608366577846e-6
Fagonia_albiflora,Chetogena_acuminata,5,0.8430015433133984,0.03321916291179772,0.04436001495872282
Fagonia_albiflora,Chrysomya_albiceps,34,0.9248717642994694,0.05280435024331672,2.99258321277148e-15
Fagonia_albiflora,Dasytes_subaenescens,8,0.9324296633954833,0.04723282929940617,9.638772175735885e-5
Fagonia_albiflora,Eristalinus_aeneus,8,0.9474329351367052,0.04662275223625764,4.441707918668833e-5
Fagonia_albiflora,Estheria_simonyi,15,0.9372656375667867,0.05003927858866894,4.3903538791102196e-8
Fagonia_albiflora,Eumerus_latitarsis,6,0.9148258739607532,0.04573599593777236,0.0016528462998229886
Fagonia_albiflora,Leptochilus_cruentatus,8,0.9093845335995802,0.05435679236748204,7.41638964480143e-4
Fagonia_albiflora,Leptochilus_eatoni,14,0.944221051400888,0.02744947470626932,4.718619820920437e-11
Fagonia_albiflora,Malthinus_mutabilis,12,0.8894700961885111,0.034191320423474066,1.9542028543708897e-6
Fagonia_albiflora,Meligethes_canariensis,11,0.9509309582978277,0.03633172885704853,7.888539900668099e-8
Fagonia_albiflora,Musca_domestica,69,0.9642133203064981,0.04950740545940991,1.2872586932727615e-38
Fagonia_albiflora,Phthiria_simonyi,21,0.9547977133399925,0.03953872860010811,8.498607895205455e-14
Fagonia_albiflora,Plagiolepis_sp_2,70,0.948106132107866,0.060925447379476694,7.379073085151882e-31
Fagonia_albiflora,Pteromalus_sp_4,13,0.9656679833864781,0.010444814806860863,5.392913191878969e-16
Fagonia_albiflora,Sciaridae_sp,12,0.9391273082581514,0.05993070831420823,6.216166324100776e-6
Fagonia_albiflora,Syritta_pipiens,19,0.9427541766198216,0.030250441959132165,5.92662267247484e-14
Fagonia_albiflora,Themnothorax_hesperius,26,0.9331478544530764,0.06599895166568234,1.8062574475273676e-10
Fagonia_albiflora,Thomisus_cf_onustus,16,0.9617899762361024,0.04603187149980423,4.82787230297863e-10
Fagonia_albiflora,Thysanoptera_sp_1,145,0.9893681269098097,0.026467803130162896,8.87309361523516e-126
Fagonia_albiflora,Thysanoptera_sp_7,10,0.9813074395769397,0.03254817805748798,2.7737180388207197e-8
Frankenia_laevis,Anaspis_proteus,32,0.9095250652730669,0.04783322270481684,4.77307280990257e-14
Frankenia_laevis,Chrysomya_albiceps,10,0.9161100293781826,0.05190624118687348,5.831976638298188e-5
Frankenia_laevis,Lasioglossum_viride,10,0.8384335822958883,0.031925267915481746,0.004172655847210114
Frankenia_laevis,Myopites_nigrescens,17,0.9103498714429844,0.04860910356133427,6.838049119621521e-8
Frankenia_laevis,Plagiolepis_schmitzii,7,0.9998355536338602,7.037271526372195e-5,3.753175153202494e-22
Frankenia_laevis,Thysanoptera_sp_1,69,0.9644685282775791,0.04809170849098846,1.897319444422926e-39
Frankenia_laevis,Thysanoptera_sp_2,59,0.9460254595596578,0.05553261909618683,6.362356044651017e-28
Helianthemum_canariensis,Anaspis_proteus,17,0.9194710467135849,0.053098192163772366,7.722567787173034e-8
Helianthemum_canariensis,Chrysomya_albiceps,19,0.9054792852266799,0.0637849207799803,1.0460104719511625e-6
Helianthemum_canariensis,Myopites_nigrescens,9,0.8706299752388215,0.04780803889611284,0.002190875290075688
Helianthemum_canariensis,Plagiolepis_schmitzii,20,0.999596399413873,0.0016929207240439716,4.854580042218517e-41
Helianthemum_canariensis,Sciaridae_sp,7,0.9056678584411312,0.04843923646531688,0.001181227676434289
Kickxia_heterophylla,Anaspis_proteus,5,0.8722477493963666,0.03197798686075682,0.0072212447101710365
Kickxia_heterophylla,Plagiolepis_schmitzii,7,0.9914674440951692,0.015495681015360313,5.449055129556598e-8
Kickxia_heterophylla,Sciaridae_sp,5,0.9447029906510254,0.039428945570007534,0.0012015639687229288
Kickxia_heterophylla,Thysanoptera_sp_1,23,0.9898961420882492,0.008865387754984121,5.319845825174528e-31
Kickxia_scoparia,Anaspis_proteus,16,0.8838043930898483,0.06682440270400564,1.5342003860100383e-4
Kickxia_scoparia,Chrysomya_albiceps,11,0.8680516816752832,0.03421268822030715,6.100947194998764e-5
Kickxia_scoparia,Thysanoptera_sp_1,66,0.9841878079168513,0.03527593097567928,4.256419730460825e-49
Launaea_arborescens,Attalus_olivensis,5,0.9129534543054701,0.050996130712695806,0.007745950200767409
Launaea_arborescens,Plagiolepis_schmitzii,18,0.9982873149587109,0.002868153811927848,6.221122219101653e-33
Launaea_arborescens,Thysanoptera_sp_1,185,0.9831369928516256,0.03255258312460741,1.9396248579148048e-141
Launaea_arborescens,Thysanoptera_sp_7,8,0.9002995915369059,0.05286844800539413,0.0010460496134395848
Lavendula_buchii,Anaspis_proteus,13,0.9063084204660161,0.06061648534290429,3.812456447644459e-5
Lavendula_buchii,Plagiolepis_sp_2,5,0.9213702933539717,0.06464936634402049,0.013718858615526124
Lavendula_buchii,Thysanoptera_sp_1,21,0.9482616398667746,0.059338739569655144,3.1012747662322203e-10
Lavendula_buchii,Thysanoptera_sp_7,5,0.9160015458808614,0.07897163481611146,0.03037018558530854
Lavendula_minutolii,Anaspis_proteus,6,0.8581177942565774,0.03688378591100219,0.011884070232426283
Lavendula_minutolii,Camponotus_feae,22,0.9999974529765401,8.742648536779308e-6,2.995823891450605e-93
Lavendula_minutolii,Thysanoptera_sp_1,33,0.9835187971431321,0.01529873761780747,2.2806243347580206e-36
Lavendula_minutolii,Thysanoptera_sp_2,7,0.8974775301947833,0.06293806108527192,0.0063738233870523926
Lavendula_multifida,Thysanoptera_sp_1,24,0.9430275097834614,0.04715071037392992,2.781515308947596e-13
Lavendula_multifida,Thysanoptera_sp_2,10,0.935448917150978,0.058331233650051,4.359625887487439e-5
Lotus_lancerottensis,Plagiolepis_schmitzii,7,0.9991021358883557,0.002322632925636724,4.957978502305692e-13
Lotus_lancerottensis,Sciaridae_sp,9,0.9156699221065192,0.03260489521217548,5.3209346605628535e-6
Lotus_lancerottensis,Thysanoptera_sp_1,29,0.9890337365093308,0.01082279745319114,1.4486330430980839e-36
Lotus_lancerottensis,Thysanoptera_sp_2,9,0.8671335771842715,0.03365276132602699,3.2896964637786456e-4
Lotus_sessilifolius,Anaspis_proteus,6,0.8897219534268654,0.057000973823829924,0.011933112160966288
Lotus_sessilifolius,Chrysomya_albiceps,8,0.91121977244494,0.07257965633422145,0.003420101974586683
Lotus_sessilifolius,Lucilia_sericata,5,0.8581818792564264,0.0189497218934097,0.002357288974880178
Lotus_sessilifolius,Thysanoptera_sp_1,52,0.9600758930022891,0.04672291767441817,4.835314659226037e-30
Lotus_sessilifolius,Thysanoptera_sp_2,38,0.9563597981059581,0.033676870771192365,7.645992631164685e-27
Lotus_spartioides,Anthophora_alluaudi,7,0.8472914454940074,0.041850399401922735,0.024328693171947524
Lotus_spartioides,Camponotus_feae,21,0.9999963695617536,1.0569174180700362e-5,3.12237093383116e-87
Lotus_spartioides,Thysanoptera_sp_1,25,0.9823430748872028,0.01897866532110244,2.289571681832112e-25
Lycium_intricatum,Attalus_obscurus,6,0.9204287995809063,0.02653310021796584,1.0263293607987933e-4
Lycium_intricatum,Chrysomya_albiceps,35,0.8998298548664619,0.04996478584927231,1.3648220465118193e-13
Lycium_intricatum,Lucilia_sericata,10,0.8638974603149202,0.057251502818913,0.0064203303070961655
Lycium_intricatum,Musca_domestica,10,0.8857457749597446,0.04725967163372797,2.8068761808354046e-4
Lycium_intricatum,Myopites_nigrescens,5,0.9531703551889938,0.003653812500616239,7.765473764982624e-8
Lycium_intricatum,Plagiolepis_schmitzii,16,0.9975468741882075,0.006614910876528582,9.24767983929192e-24
Lycium_intricatum,Thysanoptera_sp_2,156,0.9518345928147165,0.053581768233435065,3.743511445303488e-76
Lycium_intricatum,Thysanoptera_sp_7,16,0.932071904802284,0.0389085544352832,7.85418095904424e-10
Nauplius_aquaticus,Anaspis_proteus,48,0.9403319271731295,0.05035850776239445,5.526705468253144e-24
Nauplius_aquaticus,Lasioglossum_viride,16,0.8797636120263094,0.04213769769242181,1.6842914825791748e-6
Nauplius_aquaticus,Meligethes_canariensis,6,0.8326990998699405,0.02880485331558226,0.03887235294687318
Nauplius_aquaticus,Plagiolepis_sp_2,14,0.916700770742291,0.05084952050501799,1.0212104613899555e-6
Nauplius_aquaticus,Themnothorax_hesperius,6,0.8870725818391265,0.04832047103853192,0.006931075113983893
Nauplius_aquaticus,Thysanoptera_sp_1,50,0.9826082244029064,0.029675264806832538,8.053052776414039e-41
Nauplius_aquaticus,Thysanoptera_sp_7,13,0.9769179970294228,0.01805700308035492,1.6907004828476313e-13
Neochamaelea_pulverulenta,Anaspis_proteus,20,0.9429509222435664,0.06464123639879246,6.28855599450085e-9
Neochamaelea_pulverulenta,Thysanoptera_sp_1,29,0.9611950256324455,0.050094988048790895,1.680619220821136e-16
Neochamaelea_pulverulenta,Thysanoptera_sp_2,20,0.9539527121106138,0.04146695557202722,9.10501439181493e-13
Neochamaelea_pulverulenta,Thysanoptera_sp_7,5,0.883311478699647,0.02081942012114094,8.628651573057874e-4
Parolinia_intermedia,Amegilla_quadrifasciata,11,0.9063763783719049,0.05775171909393301,1.1431419714489633e-4
Parolinia_intermedia,Anthophora_orotavae,5,0.9302659838387778,0.0696097285124211,0.013867596537776342
Parolinia_intermedia,Apis_mellifera,18,0.8997246745534723,0.0415190397019375,1.1734677665386446e-8
Parolinia_intermedia,Chetogena_acuminata,7,0.8967510022962628,0.0635939102824457,0.0069177573637445216
Parolinia_intermedia,Chloropidae_sp_5,5,0.9272078799006305,0.04529039028378431,0.0032818910927674013
Parolinia_intermedia,Coccinella_miranda,6,0.9144238322902716,0.07288097714373773,0.012053382371655713
Parolinia_intermedia,Euderus_sp,5,0.9326088917175148,0.053105582474086234,0.005045294141917364
Parolinia_intermedia,Eumerus_latitarsis,8,0.9650807985668851,0.02568028611942405,3.766745127384229e-7
Parolinia_intermedia,Lasioglossum_loetum,13,0.9254640402350996,0.04365633463140477,2.435570265318459e-7
Parolinia_intermedia,Malthinus_mutabilis,6,0.9433787599031013,0.030213337901572088,8.272953443565609e-5
Parolinia_intermedia,Musca_domestica,14,0.9004312513993543,0.04896989505842608,3.5172982800901987e-6
Parolinia_intermedia,Plagiolepis_sp_2,16,0.9405730696048411,0.05687169525561124,5.8013221900978516e-8
Parolinia_intermedia,Scenopinus_sp,7,0.9087960272429754,0.06906318262535656,0.005892415711751374
Parolinia_intermedia,Sciaridae_sp,10,0.9622965576099384,0.013885660762072429,3.850517863288441e-11
Parolinia_intermedia,Themnothorax_hesperius,21,0.9490560137435885,0.03419639710111088,1.1064720968651079e-14
Parolinia_intermedia,Thysanoptera_sp_1,23,0.9810581941894988,0.03622175529088837,2.929308090885371e-17
Parolinia_intermedia,Thysanoptera_sp_2,22,0.9731571619593942,0.043289036563078934,1.3410178184667266e-14
Parolinia_intermedia,Thysanoptera_sp_3,8,0.8964459791498934,0.048200496810143205,7.668752684783665e-4
Parolinia_intermedia,Urelliosoma_guimari,9,0.902178615168887,0.05269831094139101,3.9748222862556656e-4
Periploca_laevigata,Agromyzidae_sp_1,21,0.9656622243529533,0.031771482177932214,3.5289369751176584e-16
Periploca_laevigata,Amegilla_canifrons,5,0.8642050515383372,0.025109279635509976,0.004629343764808126
Periploca_laevigata,Amegilla_quadrifasciata,18,0.946485090917589,0.06852718006713689,6.35531798577756e-8
Periploca_laevigata,Anthophora_alluaudi,98,0.960117171079822,0.04659946718496466,1.0357419132883247e-55
Periploca_laevigata,Anthophora_orotavae,15,0.986117943909469,0.018306208877702446,9.662902576389919e-16
Periploca_laevigata,Attagenus_wollastoni,22,0.9596660975994095,0.031216855991398312,9.591863099343416e-17
Periploca_laevigata,Attalus_pallipes,5,0.874663519620664,0.02502189231316472,0.0026222176093861063
Periploca_laevigata,Blaesoxipha_sp_1,6,0.9134926690902297,0.05405670852657393,0.003636988548661349
Periploca_laevigata,Bracon_sp,19,0.9840631818734099,0.04346994071447492,3.834619746959326e-13
Periploca_laevigata,Chetogena_acuminata,18,0.8864513402868158,0.0492277774184666,9.480995518469367e-7
Periploca_laevigata,Dasytes_subaenescens,17,0.9646615079806379,0.036494639027417605,2.9129890395525335e-12
Periploca_laevigata,Dinarmoides_spilopterus,16,0.9545971138426461,0.04214860348401441,2.652279988465874e-10
Periploca_laevigata,Elasmus_platyedrae,5,0.8588075926221808,0.02026265309077279,0.0029071244984042893
Periploca_laevigata,Eristalinus_aeneus,17,0.9332185130301195,0.0380497712391478,1.356063335475963e-10
Periploca_laevigata,Eristalinus_taeniops,12,0.9588557566302877,0.04230253755997766,5.0540901276276274e-8
Periploca_laevigata,Eristalis_tenax,5,0.8991394528837275,0.04342880585313266,0.006960729997780211
Periploca_laevigata,Euderus_sp,16,0.9121476511089665,0.02540751959596942,1.9051617544405593e-11
Periploca_laevigata,Lasioglossum_loetum,56,0.93204785396548,0.044000046518150183,2.23768303101041e-29
Periploca_laevigata,Leptochilus_cruentatus,13,0.9368952284716608,0.053578835622865174,8.625735333299291e-7
Periploca_laevigata,Leptochilus_eatoni,12,0.924676878794478,0.04833026177829513,2.2469129616437793e-6
Periploca_laevigata,Malthinus_mutabilis,10,0.9632435628930244,0.031854864118200724,5.755019073622826e-8
Periploca_laevigata,Meligethes_canariensis,12,0.9653967885675522,0.044218539991492924,5.265367255638645e-8
Periploca_laevigata,Mordellistena_cf_canariensis,5,0.91075574347917,0.02616876439896549,6.953843756712417e-4
Periploca_laevigata,Myopites_nigrescens,12,0.9967264470141308,0.003433180689137866,6.654376073445941e-21
Periploca_laevigata,Oscinella_sp_1,27,0.9627233652513887,0.022147797770109133,2.3005653513670795e-24
Periploca_laevigata,Phthiria_simonyi,15,0.9363985484478661,0.048285561880388475,3.03466020231867e-8
Periploca_laevigata,Phyto_discrepans,12,0.9648796747725786,0.03307907449758262,2.5697810672091855e-9
Periploca_laevigata,Plagiolepis_schmitzii,7,0.9920347916313818,0.021067414387702925,3.3396097007362964e-7
Periploca_laevigata,Platypalpus_sp,5,0.9640683019463259,0.07688840139523395,0.008830790018629641
Periploca_laevigata,Pteromalus_sp_4,24,0.931729300148747,0.051606740254288574,9.666801447705445e-12
Periploca_laevigata,Syritta_pipiens,27,0.9434655149551759,0.05093655565508195,4.578530573417056e-14
Periploca_laevigata,Themnothorax_hesperius,62,0.9762310650878399,0.0338739040240765,4.339260301040437e-46
Periploca_laevigata,Thomisus_cf_onustus,7,0.8739309411217224,0.02862650914116064,4.8264227430227727e-4
Periploca_laevigata,Thysanoptera_sp_1,133,0.9934857684705874,0.021660962313362783,5.553878238537785e-128
Periploca_laevigata,Thysanoptera_sp_2,107,0.9832687799285669,0.028716638761532524,6.293403356331289e-88
Periploca_laevigata,Thysanoptera_sp_3,16,0.9034684986761604,0.040942485764070266,4.333730322106445e-8
Periploca_laevigata,Thysanoptera_sp_7,11,0.97760510820993,0.049050310905297455,2.900682636119369e-7
Periploca_laevigata,Urelliosoma_guimari,57,0.9553555311156661,0.04982589343041349,1.0077042944987885e-30
Phagnalon_purpurascens,Plagiolepis_schmitzii,10,0.9989800890453637,0.0029447332105533553,5.4783233689011595e-18
Phagnalon_purpurascens,Sciaridae_sp,6,0.9377541479193976,0.03742557549233754,2.803110457961859e-4
Phagnalon_purpurascens,Thysanoptera_sp_1,35,0.9881835549513723,0.011271822312132225,2.1185701660234215e-43
Phagnalon_purpurascens,Thysanoptera_sp_2,12,0.8868903277099339,0.0436004129258192,2.5755482986046895e-5
Plocama_pendula,Anaspis_proteus,35,0.8827371068617736,0.049874100048023354,1.8811237244764007e-11
Plocama_pendula,Anthophora_alluaudi,6,0.9065422958069581,0.04836345953582033,0.002951559743851702
Plocama_pendula,Chrysomya_albiceps,17,0.888818769558184,0.04387645070292815,3.1860954188121723e-7
Plocama_pendula,Musca_domestica,5,0.8537825162977304,0.0311486923651297,0.018133658064409565
Plocama_pendula,Thysanoptera_sp_1,71,0.9844850764625617,0.035455734042288994,1.2213845783988819e-52
Plocama_pendula,Thysanoptera_sp_2,42,0.9411511591549676,0.051082695413783616,5.422315789490752e-21
Rubia_fruticosa,Anthophora_alluaudi,38,0.9141515200667893,0.039792404087286105,1.2329121534273425e-19
Rubia_fruticosa,Apis_mellifera,15,0.8558292917503549,0.03755290340710394,4.955158885800342e-5
Rubia_fruticosa,Chrysomya_albiceps,24,0.9247199386739224,0.032254675145476204,1.5740135149243302e-15
Rubia_fruticosa,Lasioglossum_loetum,24,0.8766200801447934,0.05343136519747334,3.6969976786120856e-7
Rubia_fruticosa,Lasioglossum_viride,46,0.8798277476030134,0.05461045670285686,6.807537127425737e-13
Rubia_fruticosa,Phthiria_simonyi,9,0.8483904100090339,0.02842021597765728,9.20682068251618e-4
Rubia_fruticosa,Plagiolepis_sp_2,23,0.8603304054327872,0.05539990809290471,3.077930251345441e-5
Rubia_fruticosa,Thysanoptera_sp_1,131,0.9829553744755515,0.04325915834187099,5.0162649257031757e-85
Rubia_fruticosa,Thysanoptera_sp_2,115,0.9526778455228047,0.05121574222608426,9.605104902718024e-59
Rubia_fruticosa,Thysanoptera_sp_3,5,0.8245761407363418,0.01574380394750769,0.02511120327645064
Rubia_fruticosa,Thysanoptera_sp_7,17,0.9556252574445222,0.02800543059163989,1.165565771807727e-13
Satureja_kuegleri,Anaspis_proteus,11,0.8930965812224316,0.036193576543815435,6.677856432563731e-6
Satureja_kuegleri,Camponotus_feae,50,0.9998329908243031,5.321539934965862e-4,4.816476789065835e-128
Satureja_kuegleri,Chrysomya_albiceps,9,0.8692134006341855,0.05294069959667639,0.004405186478570416
Satureja_kuegleri,Lucilia_sericata,6,0.8581666884817529,0.005550855714098794,1.6761655293540087e-6
Satureja_kuegleri,Thysanoptera_sp_2,37,0.9569561214011489,0.034545502350312736,7.764137850888997e-26
Schizogyne_sericea,Chrysomya_albiceps,38,0.9271468682562984,0.05263451972572182,3.3126740351214024e-17
Schizogyne_sericea,Lucilia_sericata,9,0.9208549470533621,0.029880550560557655,1.970055915718713e-6
Schizogyne_sericea,Musca_domestica,11,0.8504017555042471,0.032320497561671845,4.178530305468904e-4
Schizogyne_sericea,Sarcophagidae_sp_8,7,0.8384128660584266,0.02456001888268412,0.006091802285134696
Schizogyne_sericea,Thysanoptera_sp_7,14,0.9388604641647472,0.04482553432657316,3.1644135291681614e-8
