"layer_from","node_from","layer_to","node_to","weight","type"
"layer_6","Asphaltklee_bituminosa","layer_6","Anthophora_alluaudi",5,"pollination"
"layer_6","Asphaltklee_bituminosa","layer_6","Camponotus_feae",2,"pollination"
"layer_6","Asphaltklee_bituminosa","layer_6","Colias_croceus",2,"pollination"
"layer_6","Asphaltklee_bituminosa","layer_6","Dasytes_subaenescens",1,"pollination"
"layer_6","Asphaltklee_bituminosa","layer_6","Estheria_simonyi",3,"pollination"
"layer_6","Asphaltklee_bituminosa","layer_6","Eucera_gracilipes",3,"pollination"
"layer_6","Asphaltklee_bituminosa","layer_6","Eumerus_latitarsis",1,"pollination"
"layer_6","Asphaltklee_bituminosa","layer_6","Villa_nigriceps",1,"pollination"
"layer_6","Ceballosia_fruticosa","layer_6","Camponotus_feae",13,"pollination"
"layer_6","Ceballosia_fruticosa","layer_6","Perilampus_sp_1",1,"pollination"
"layer_6","Ceballosia_fruticosa","layer_6","Phthiria_simonyi",1,"pollination"
"layer_6","Euphorbia_balsamifera_f","layer_6","Camponotus_feae",51,"pollination"
"layer_6","Euphorbia_balsamifera_f","layer_6","Chloropidae_sp_3",1,"pollination"
"layer_6","Euphorbia_balsamifera_f","layer_6","Dilophus_hiemalis",1,"pollination"
"layer_6","Euphorbia_balsamifera_f","layer_6","Empididae_sp_1",1,"pollination"
"layer_6","Euphorbia_balsamifera_f","layer_6","Estheria_simonyi",1,"pollination"
"layer_6","Euphorbia_balsamifera_f","layer_6","Lasioglossum_loetum",2,"pollination"
"layer_6","Euphorbia_balsamifera_f","layer_6","Lasioglossum_viride",1,"pollination"
"layer_6","Euphorbia_balsamifera_f","layer_6","Myathropa_florea",1,"pollination"
"layer_6","Euphorbia_balsamifera_f","layer_6","Pteromalus_sp_3",1,"pollination"
"layer_6","Euphorbia_balsamifera_m","layer_6","Camponotus_feae",65,"pollination"
"layer_6","Euphorbia_balsamifera_m","layer_6","Cecydomyiidae_sp",1,"pollination"
"layer_6","Euphorbia_balsamifera_m","layer_6","Chironomidae_sp_1",1,"pollination"
"layer_6","Euphorbia_balsamifera_m","layer_6","Chloropidae_sp_3",3,"pollination"
"layer_6","Euphorbia_balsamifera_m","layer_6","Cryptocephalus_nitidicollis",1,"pollination"
"layer_6","Euphorbia_balsamifera_m","layer_6","Dasytes_subaenescens",1,"pollination"
"layer_6","Euphorbia_balsamifera_m","layer_6","Eumerus_latitarsis",1,"pollination"
"layer_6","Euphorbia_balsamifera_m","layer_6","Lasioglossum_loetum",8,"pollination"
"layer_6","Euphorbia_balsamifera_m","layer_6","Lasioglossum_viride",4,"pollination"
"layer_6","Euphorbia_balsamifera_m","layer_6","Perilampus_sp_1",1,"pollination"
"layer_6","Euphorbia_balsamifera_m","layer_6","Rondania_insularis",1,"pollination"
"layer_6","Euphorbia_balsamifera_m","layer_6","Sarcophagidae_sp_3",1,"pollination"
"layer_6","Euphorbia_balsamifera_m","layer_6","Thomisus_cf_onustus",1,"pollination"
"layer_6","Euphorbia_balsamifera_m","layer_6","Thysanoptera_sp_1",42,"pollination"
"layer_6","Euphorbia_lamarckii","layer_6","Anthophora_alluaudi",2,"pollination"
"layer_6","Euphorbia_lamarckii","layer_6","Attalus_crispus",1,"pollination"
"layer_6","Euphorbia_lamarckii","layer_6","Camponotus_feae",71,"pollination"
"layer_6","Euphorbia_lamarckii","layer_6","Ceratogoponidae_sp",2,"pollination"
"layer_6","Euphorbia_lamarckii","layer_6","Ceratogoponidae_sp_2",1,"pollination"
"layer_6","Euphorbia_lamarckii","layer_6","Chironomidae_sp_1",3,"pollination"
"layer_6","Euphorbia_lamarckii","layer_6","Chloropidae_sp_3",2,"pollination"
"layer_6","Euphorbia_lamarckii","layer_6","Chrysomya_albiceps",1,"pollination"
"layer_6","Euphorbia_lamarckii","layer_6","Colletes_dimidiatus",13,"pollination"
"layer_6","Euphorbia_lamarckii","layer_6","Dasytes_subaenescens",2,"pollination"
"layer_6","Euphorbia_lamarckii","layer_6","Dilophus_hiemalis",2,"pollination"
"layer_6","Euphorbia_lamarckii","layer_6","Empis_sp_1",1,"pollination"
"layer_6","Euphorbia_lamarckii","layer_6","Eristalinus_taeniops",1,"pollination"
"layer_6","Euphorbia_lamarckii","layer_6","Estheria_simonyi",12,"pollination"
"layer_6","Euphorbia_lamarckii","layer_6","Eucera_gracilipes",4,"pollination"
"layer_6","Euphorbia_lamarckii","layer_6","Eumerus_latitarsis",4,"pollination"
"layer_6","Euphorbia_lamarckii","layer_6","Lasioglossum_loetum",11,"pollination"
"layer_6","Euphorbia_lamarckii","layer_6","Lasioglossum_viride",11,"pollination"
"layer_6","Euphorbia_lamarckii","layer_6","Linnaemyia_soror",1,"pollination"
"layer_6","Euphorbia_lamarckii","layer_6","Lucilia_sericata",5,"pollination"
"layer_6","Euphorbia_lamarckii","layer_6","Myathropa_florea",6,"pollination"
"layer_6","Euphorbia_lamarckii","layer_6","Mycetophilidae_sp_1",2,"pollination"
"layer_6","Euphorbia_lamarckii","layer_6","Paratrechina_longicornis",1,"pollination"
"layer_6","Euphorbia_lamarckii","layer_6","Perilampus_sp_2",1,"pollination"
"layer_6","Euphorbia_lamarckii","layer_6","Scaeva_albomaculata",1,"pollination"
"layer_6","Euphorbia_lamarckii","layer_6","Sciaridae_sp",1,"pollination"
"layer_6","Euphorbia_lamarckii","layer_6","Syritta_pipiens",1,"pollination"
"layer_6","Euphorbia_lamarckii","layer_6","Tachina_canariensis",2,"pollination"
"layer_6","Euphorbia_lamarckii","layer_6","Thaumatomyia_notata",2,"pollination"
"layer_6","Lotus_glaucus","layer_6","Chalicodoma_canescens",1,"pollination"
"layer_6","Lotus_glaucus","layer_6","Lasioglossum_arctifrons",1,"pollination"
"layer_6","Lotus_glaucus","layer_6","Lasioglossum_viride",1,"pollination"
"layer_6","Lotus_glaucus","layer_6","Megachile_canariensis",1,"pollination"
"layer_6","Lotus_glaucus","layer_6","Osmia_canaria",1,"pollination"
"layer_6","Lotus_glaucus","layer_6","Sciaridae_sp_1",1,"pollination"
"layer_6","Lotus_glaucus","layer_6","Thysanoptera_sp_2",4,"pollination"
"layer_6","Periploca_laevigata","layer_6","Camponotus_feae",71,"pollination"
"layer_6","Periploca_laevigata","layer_6","Chloropidae_sp_4",1,"pollination"
"layer_6","Periploca_laevigata","layer_6","Cryptocephalus_nitidicollis",1,"pollination"
"layer_6","Periploca_laevigata","layer_6","Delia_flavibasis",1,"pollination"
"layer_6","Periploca_laevigata","layer_6","Lucilia_sericata",1,"pollination"
"layer_6","Periploca_laevigata","layer_6","Neodryophilus_cryptophagoides",1,"pollination"
"layer_6","Periploca_laevigata","layer_6","Thaumatomyia_notata",1,"pollination"
"layer_6","Phagnalon_saxatile","layer_6","Myopites_nigrescens",4,"pollination"
"layer_6","Phagnalon_saxatile","layer_6","Phalacrus_coruscus",1,"pollination"
"layer_6","Phagnalon_saxatile","layer_6","Spathulina_sicula",2,"pollination"
"layer_6","Phagnalon_saxatile","layer_6","Thysanoptera_sp_2",2,"pollination"
"layer_6","Rubia_fruticosa","layer_6","Camponotus_feae",6,"pollination"
"layer_6","Rubia_fruticosa","layer_6","Myathropa_florea",1,"pollination"
"layer_6","Rubia_fruticosa","layer_6","Thaumatomyia_notata",1,"pollination"
"layer_6","Satureja_kuegleri","layer_6","Camponotus_feae",1,"pollination"
"layer_6","Schizogyne_sericea","layer_6","Euderus_sp",2,"pollination"
"layer_6","Schizogyne_sericea","layer_6","Myopites_nigrescens",10,"pollination"
"layer_6","Schizogyne_sericea","layer_6","Pteromalus_sp_3",2,"pollination"
"layer_7","Argyranthemum_frutescens","layer_7","Attalus_rugifrons",2,"pollination"
"layer_7","Argyranthemum_frutescens","layer_7","Bruchidius_wollastoni",7,"pollination"
"layer_7","Argyranthemum_frutescens","layer_7","Campiglossa_reticulata",1,"pollination"
"layer_7","Argyranthemum_frutescens","layer_7","Camponotus_feae",2,"pollination"
"layer_7","Argyranthemum_frutescens","layer_7","Chrysomya_albiceps",2,"pollination"
"layer_7","Argyranthemum_frutescens","layer_7","Lasioglossum_viride",7,"pollination"
"layer_7","Argyranthemum_frutescens","layer_7","Lucilia_sericata",5,"pollination"
"layer_7","Argyranthemum_frutescens","layer_7","Myopites_nigrescens",1,"pollination"
"layer_7","Argyranthemum_frutescens","layer_7","Pieris_rapae",1,"pollination"
"layer_7","Argyranthemum_frutescens","layer_7","Tachina_canariensis",8,"pollination"
"layer_7","Argyranthemum_frutescens","layer_7","Thomisus_cf_globosum",2,"pollination"
"layer_7","Argyranthemum_frutescens","layer_7","Thomisus_cf_onustus",1,"pollination"
"layer_7","Argyranthemum_frutescens","layer_7","Thyridanthrax_indigenus",4,"pollination"
"layer_7","Argyranthemum_frutescens","layer_7","Thysanoptera_sp_1",36,"pollination"
"layer_7","Argyranthemum_frutescens","layer_7","Thysanoptera_sp_2",6,"pollination"
"layer_7","Asphaltklee_bituminosa","layer_7","Anthophora_alluaudi",2,"pollination"
"layer_7","Asphaltklee_bituminosa","layer_7","Chalicodoma_canescens",2,"pollination"
"layer_7","Euphorbia_balsamifera_f","layer_7","Araneidae_sp_1",1,"pollination"
"layer_7","Euphorbia_balsamifera_f","layer_7","Bruchidius_wollastoni",1,"pollination"
"layer_7","Euphorbia_balsamifera_f","layer_7","Camponotus_feae",40,"pollination"
"layer_7","Euphorbia_balsamifera_f","layer_7","Eumerus_latitarsis",7,"pollination"
"layer_7","Euphorbia_balsamifera_f","layer_7","Eupelmus_testaceiventris",1,"pollination"
"layer_7","Euphorbia_balsamifera_f","layer_7","Lasioglossum_loetum",7,"pollination"
"layer_7","Euphorbia_balsamifera_f","layer_7","Plagiolepis_schmitzii",19,"pollination"
"layer_7","Euphorbia_balsamifera_f","layer_7","Platypalpus_sp_1",1,"pollination"
"layer_7","Euphorbia_balsamifera_f","layer_7","Sarcophagidae_sp_5",1,"pollination"
"layer_7","Euphorbia_balsamifera_f","layer_7","Sarcophagidae_sp_8",1,"pollination"
"layer_7","Euphorbia_balsamifera_f","layer_7","Tachina_canariensis",3,"pollination"
"layer_7","Euphorbia_balsamifera_f","layer_7","Thyridanthrax_indigenus",1,"pollination"
"layer_7","Euphorbia_balsamifera_m","layer_7","Anaspis_cf_canariensis",9,"pollination"
"layer_7","Euphorbia_balsamifera_m","layer_7","Camponotus_feae",26,"pollination"
"layer_7","Euphorbia_balsamifera_m","layer_7","Chloropidae_sp_4",1,"pollination"
"layer_7","Euphorbia_balsamifera_m","layer_7","Dasytes_subaenescens",1,"pollination"
"layer_7","Euphorbia_balsamifera_m","layer_7","Empididae_sp_1",3,"pollination"
"layer_7","Euphorbia_balsamifera_m","layer_7","Eumerus_latitarsis",34,"pollination"
"layer_7","Euphorbia_balsamifera_m","layer_7","Lasioglossum_loetum",4,"pollination"
"layer_7","Euphorbia_balsamifera_m","layer_7","Lasioglossum_viride",1,"pollination"
"layer_7","Euphorbia_balsamifera_m","layer_7","Oxyopes_kraepelinorum",1,"pollination"
"layer_7","Euphorbia_balsamifera_m","layer_7","Paratrechina_longicornis",2,"pollination"
"layer_7","Euphorbia_balsamifera_m","layer_7","Plagiolepis_schmitzii",21,"pollination"
"layer_7","Euphorbia_balsamifera_m","layer_7","Tachina_canariensis",1,"pollination"
"layer_7","Euphorbia_balsamifera_m","layer_7","Thyridanthrax_indigenus",22,"pollination"
"layer_7","Euphorbia_balsamifera_m","layer_7","Thysanoptera_sp_1",21,"pollination"
"layer_7","Euphorbia_lamarckii","layer_7","Aprostocetus_occidentalis",2,"pollination"
"layer_7","Euphorbia_lamarckii","layer_7","Camponotus_feae",51,"pollination"
"layer_7","Euphorbia_lamarckii","layer_7","Chetogena_acuminata",1,"pollination"
"layer_7","Euphorbia_lamarckii","layer_7","Estheria_simonyi",1,"pollination"
"layer_7","Euphorbia_lamarckii","layer_7","Exetastes_segmentarius",1,"pollination"
"layer_7","Euphorbia_lamarckii","layer_7","Lasioglossum_loetum",1,"pollination"
"layer_7","Euphorbia_lamarckii","layer_7","Musca_domestica",2,"pollination"
"layer_7","Euphorbia_lamarckii","layer_7","Nyctia_lugubris",1,"pollination"
"layer_7","Euphorbia_lamarckii","layer_7","Sarcophagidae_sp_8",1,"pollination"
"layer_7","Euphorbia_lamarckii","layer_7","Tachina_canariensis",6,"pollination"
"layer_7","Fagonia_albiflora","layer_7","Anthophora_alluaudi",2,"pollination"
"layer_7","Fagonia_albiflora","layer_7","Anthophora_orotavae",1,"pollination"
"layer_7","Fagonia_albiflora","layer_7","Apis_mellifera",2,"pollination"
"layer_7","Fagonia_albiflora","layer_7","Lasioglossum_viride",3,"pollination"
"layer_7","Fagonia_albiflora","layer_7","Scaeva_albomaculata",2,"pollination"
"layer_7","Kickxia_scoparia","layer_7","Amegilla_quadrifasciata",1,"pollination"
"layer_7","Kickxia_scoparia","layer_7","Anthophora_alluaudi",1,"pollination"
"layer_7","Kickxia_scoparia","layer_7","Thysanoptera_sp_2",2,"pollination"
"layer_7","Launaea_arborescens","layer_7","Anthophora_alluaudi",1,"pollination"
"layer_7","Launaea_arborescens","layer_7","Apis_mellifera",6,"pollination"
"layer_7","Launaea_arborescens","layer_7","Aprostocetus_occidentalis",1,"pollination"
"layer_7","Launaea_arborescens","layer_7","Bruchidius_wollastoni",2,"pollination"
"layer_7","Launaea_arborescens","layer_7","Camponotus_feae",1,"pollination"
"layer_7","Launaea_arborescens","layer_7","Dasytes_subaenescens",1,"pollination"
"layer_7","Launaea_arborescens","layer_7","Estheria_simonyi",1,"pollination"
"layer_7","Launaea_arborescens","layer_7","Halictus_fulvipes",1,"pollination"
"layer_7","Launaea_arborescens","layer_7","Lasioglossum_loetum",1,"pollination"
"layer_7","Launaea_arborescens","layer_7","Lasioglossum_viride",22,"pollination"
"layer_7","Launaea_arborescens","layer_7","Osmia_latreillei",1,"pollination"
"layer_7","Launaea_arborescens","layer_7","Pieris_rapae",1,"pollination"
"layer_7","Launaea_arborescens","layer_7","Plagiolepis_schmitzii",5,"pollination"
"layer_7","Launaea_arborescens","layer_7","Thyridanthrax_indigenus",1,"pollination"
"layer_7","Launaea_arborescens","layer_7","Thysanoptera_sp_2",7,"pollination"
"layer_7","Launaea_arborescens","layer_7","Urelliosoma_guimari",1,"pollination"
"layer_7","Lavendula_multifida","layer_7","Camponotus_feae",2,"pollination"
"layer_7","Lycium_intricatum","layer_7","Amegilla_quadrifasciata",2,"pollination"
"layer_7","Lycium_intricatum","layer_7","Blaesoxipha_sp_1",2,"pollination"
"layer_7","Lycium_intricatum","layer_7","Lasioglossum_loetum",2,"pollination"
"layer_7","Lycium_intricatum","layer_7","Lasioglossum_viride",1,"pollination"
"layer_7","Periploca_laevigata","layer_7","Aprostocetus_occidentalis",11,"pollination"
"layer_7","Periploca_laevigata","layer_7","Camponotus_feae",62,"pollination"
"layer_7","Periploca_laevigata","layer_7","Lasioglossum_viride",1,"pollination"
"layer_7","Periploca_laevigata","layer_7","Megaselia_sp_1",2,"pollination"
"layer_7","Periploca_laevigata","layer_7","Paratrechina_longicornis",3,"pollination"
"layer_7","Periploca_laevigata","layer_7","Plagiolepis_schmitzii",7,"pollination"
"layer_7","Periploca_laevigata","layer_7","Sciaridae_sp_1",1,"pollination"
"layer_7","Periploca_laevigata","layer_7","Scymnus_canariensis",1,"pollination"
"layer_7","Phagnalon_saxatile","layer_7","Apis_mellifera",1,"pollination"
"layer_7","Phagnalon_saxatile","layer_7","Bruchidius_wollastoni",1,"pollination"
"layer_7","Phagnalon_saxatile","layer_7","Camponotus_feae",9,"pollination"
"layer_7","Phagnalon_saxatile","layer_7","Eurytoma_sp_2",1,"pollination"
"layer_7","Phagnalon_saxatile","layer_7","Lasioglossum_loetum",3,"pollination"
"layer_7","Phagnalon_saxatile","layer_7","Lasioglossum_viride",8,"pollination"
"layer_7","Phagnalon_saxatile","layer_7","Lucilia_sericata",1,"pollination"
"layer_7","Phagnalon_saxatile","layer_7","Myopites_nigrescens",4,"pollination"
"layer_7","Phagnalon_saxatile","layer_7","Plagiolepis_schmitzii",4,"pollination"
"layer_7","Phagnalon_saxatile","layer_7","Thyridanthrax_indigenus",4,"pollination"
"layer_7","Phagnalon_saxatile","layer_7","Thysanoptera_sp_2",17,"pollination"
"layer_7","Phagnalon_saxatile","layer_7","Trupanea_augur",1,"pollination"
"layer_7","Plocama_pendula","layer_7","Apis_mellifera",1,"pollination"
"layer_7","Plocama_pendula","layer_7","Lasioglossum_viride",3,"pollination"
"layer_7","Plocama_pendula","layer_7","Tachina_canariensis",1,"pollination"
"layer_7","Rubia_fruticosa","layer_7","Aprostocetus_occidentalis",2,"pollination"
"layer_7","Rubia_fruticosa","layer_7","Araneidae_sp_2",1,"pollination"
"layer_7","Rubia_fruticosa","layer_7","Camponotus_feae",3,"pollination"
"layer_7","Rubia_fruticosa","layer_7","Estheria_simonyi",1,"pollination"
"layer_7","Rubia_fruticosa","layer_7","Eupelmus_sp",1,"pollination"
"layer_7","Rubia_fruticosa","layer_7","Lasioglossum_loetum",3,"pollination"
"layer_7","Rubia_fruticosa","layer_7","Nyctia_lugubris",1,"pollination"
"layer_7","Rubia_fruticosa","layer_7","Plagiolepis_schmitzii",6,"pollination"
"layer_7","Rubia_fruticosa","layer_7","Sarcophagidae_sp_8",2,"pollination"
"layer_7","Rubia_fruticosa","layer_7","Sciaridae_sp_1",1,"pollination"
"layer_7","Salvia_aegyptiaca","layer_7","Thyridanthrax_indigenus",2,"pollination"
"layer_1","Argyranthemum_frutescens","layer_1","Apis_mellifera",1,"pollination"
"layer_1","Argyranthemum_frutescens","layer_1","Aulacoderus_canariensis",1,"pollination"
"layer_1","Argyranthemum_frutescens","layer_1","Camponotus_feae",15,"pollination"
"layer_1","Argyranthemum_frutescens","layer_1","Dasytes_subaenescens",8,"pollination"
"layer_1","Argyranthemum_frutescens","layer_1","Elasmus_platyedrae",1,"pollination"
"layer_1","Argyranthemum_frutescens","layer_1","Eristalinus_aeneus",1,"pollination"
"layer_1","Argyranthemum_frutescens","layer_1","Eristalis_tenax",1,"pollination"
"layer_1","Argyranthemum_frutescens","layer_1","Lasioglossum_viride",15,"pollination"
"layer_1","Argyranthemum_frutescens","layer_1","Leptochilus_cruentatus",1,"pollination"
"layer_1","Argyranthemum_frutescens","layer_1","Meligethes_canariensis",4,"pollination"
"layer_1","Argyranthemum_frutescens","layer_1","Myathropa_florea",1,"pollination"
"layer_1","Argyranthemum_frutescens","layer_1","Pteromalus_sp_1",2,"pollination"
"layer_1","Argyranthemum_frutescens","layer_1","Pteromalus_sp_4",2,"pollination"
"layer_1","Argyranthemum_frutescens","layer_1","Scenopinus_sp",1,"pollination"
"layer_1","Argyranthemum_frutescens","layer_1","Syritta_pipiens",4,"pollination"
"layer_1","Argyranthemum_frutescens","layer_1","Thysanoptera_sp_1",12,"pollination"
"layer_1","Argyranthemum_frutescens","layer_1","Thysanoptera_sp_2",15,"pollination"
"layer_1","Argyranthemum_frutescens","layer_1","Thysanoptera_sp_7",48,"pollination"
"layer_1","Asphaltklee_bituminosa","layer_1","Eucera_gracilipes",1,"pollination"
"layer_1","Ceballosia_fruticosa","layer_1","Anaspis_proteus",4,"pollination"
"layer_1","Ceballosia_fruticosa","layer_1","Camponotus_feae",19,"pollination"
"layer_1","Ceballosia_fruticosa","layer_1","Estheria_simonyi",1,"pollination"
"layer_1","Ceballosia_fruticosa","layer_1","Meligethes_canariensis",14,"pollination"
"layer_1","Ceballosia_fruticosa","layer_1","Phthiria_simonyi",12,"pollination"
"layer_1","Ceballosia_fruticosa","layer_1","Plagiolepis_sp_2",1,"pollination"
"layer_1","Ceballosia_fruticosa","layer_1","Syritta_pipiens",1,"pollination"
"layer_1","Ceropegia_dichotoma","layer_1","Camponotus_feae",1,"pollination"
"layer_1","Ceropegia_dichotoma","layer_1","Thysanoptera_sp_3",1,"pollination"
"layer_1","Ceropegia_dichotoma","layer_1","Thysanoptera_sp_7",2,"pollination"
"layer_1","Euphorbia_balsamifera_f","layer_1","Camponotus_feae",53,"pollination"
"layer_1","Euphorbia_balsamifera_f","layer_1","Ceratogoponidae_sp",1,"pollination"
"layer_1","Euphorbia_balsamifera_f","layer_1","Chironomidae_sp",1,"pollination"
"layer_1","Euphorbia_balsamifera_f","layer_1","Estheria_simonyi",1,"pollination"
"layer_1","Euphorbia_balsamifera_f","layer_1","Eumerus_latitarsis",2,"pollination"
"layer_1","Euphorbia_balsamifera_f","layer_1","Megaselia_sp_2",3,"pollination"
"layer_1","Euphorbia_balsamifera_f","layer_1","Plagiolepis_sp_2",37,"pollination"
"layer_1","Euphorbia_balsamifera_f","layer_1","Platypalpus_sp",2,"pollination"
"layer_1","Euphorbia_balsamifera_f","layer_1","Tethina_marmorata",1,"pollination"
"layer_1","Euphorbia_balsamifera_f","layer_1","Themnothorax_hesperius",8,"pollination"
"layer_1","Euphorbia_balsamifera_m","layer_1","Anaspis_proteus",40,"pollination"
"layer_1","Euphorbia_balsamifera_m","layer_1","Attalus_pallipes",1,"pollination"
"layer_1","Euphorbia_balsamifera_m","layer_1","Bassus_sp",4,"pollination"
"layer_1","Euphorbia_balsamifera_m","layer_1","Bracon_sp",1,"pollination"
"layer_1","Euphorbia_balsamifera_m","layer_1","Camponotus_feae",71,"pollination"
"layer_1","Euphorbia_balsamifera_m","layer_1","Chloropidae_sp",1,"pollination"
"layer_1","Euphorbia_balsamifera_m","layer_1","Crematogaster_alluaudi",1,"pollination"
"layer_1","Euphorbia_balsamifera_m","layer_1","Cryptocephalus_gounellei",1,"pollination"
"layer_1","Euphorbia_balsamifera_m","layer_1","Dasytes_cf_subaenescens",1,"pollination"
"layer_1","Euphorbia_balsamifera_m","layer_1","Dasytes_subaenescens",2,"pollination"
"layer_1","Euphorbia_balsamifera_m","layer_1","Estheria_simonyi",4,"pollination"
"layer_1","Euphorbia_balsamifera_m","layer_1","Eumerus_latitarsis",19,"pollination"
"layer_1","Euphorbia_balsamifera_m","layer_1","Eumerus_nivariae",8,"pollination"
"layer_1","Euphorbia_balsamifera_m","layer_1","Lasioglossum_viride",2,"pollination"
"layer_1","Euphorbia_balsamifera_m","layer_1","Malthinus_mutabilis",2,"pollination"
"layer_1","Euphorbia_balsamifera_m","layer_1","Minotetrastichus_sp",1,"pollination"
"layer_1","Euphorbia_balsamifera_m","layer_1","Plagiolepis_sp_2",2,"pollination"
"layer_1","Euphorbia_balsamifera_m","layer_1","Sciaridae_sp",3,"pollination"
"layer_1","Euphorbia_balsamifera_m","layer_1","Themnothorax_hesperius",3,"pollination"
"layer_1","Euphorbia_balsamifera_m","layer_1","Thomisus_cf_onustus",1,"pollination"
"layer_1","Euphorbia_balsamifera_m","layer_1","Thysanoptera_sp_1",68,"pollination"
"layer_1","Euphorbia_balsamifera_m","layer_1","Thysanoptera_sp_7",17,"pollination"
"layer_1","Euphorbia_lamarckii","layer_1","Camponotus_feae",31,"pollination"
"layer_1","Euphorbia_lamarckii","layer_1","Dasytes_subaenescens",1,"pollination"
"layer_1","Euphorbia_lamarckii","layer_1","Estheria_simonyi",1,"pollination"
"layer_1","Euphorbia_lamarckii","layer_1","Eucera_gracilipes",1,"pollination"
"layer_1","Euphorbia_lamarckii","layer_1","Eumerus_nivariae",2,"pollination"
"layer_1","Fagonia_albiflora","layer_1","Anaspis_proteus",22,"pollination"
"layer_1","Fagonia_albiflora","layer_1","Anthophora_alluaudi",1,"pollination"
"layer_1","Fagonia_albiflora","layer_1","Camponotus_feae",3,"pollination"
"layer_1","Fagonia_albiflora","layer_1","Lasioglossum_loetum",5,"pollination"
"layer_1","Fagonia_albiflora","layer_1","Lasioglossum_viride",1,"pollination"
"layer_1","Fagonia_albiflora","layer_1","Thysanoptera_sp_2",45,"pollination"
"layer_1","Frankenia_laevis","layer_1","Camponotus_feae",8,"pollination"
"layer_1","Frankenia_laevis","layer_1","Chetogena_acuminata",1,"pollination"
"layer_1","Frankenia_laevis","layer_1","Hylaeus_ater",2,"pollination"
"layer_1","Kickxia_scoparia","layer_1","Lasioglossum_viride",1,"pollination"
"layer_1","Launaea_arborescens","layer_1","Dasytes_subaenescens",1,"pollination"
"layer_1","Launaea_arborescens","layer_1","Megaselia_sp_2",1,"pollination"
"layer_1","Launaea_arborescens","layer_1","Syritta_pipiens",1,"pollination"
"layer_1","Launaea_arborescens","layer_1","Urelliosoma_guimari",1,"pollination"
"layer_1","Lavendula_buchii","layer_1","Amegilla_quadrifasciata",2,"pollination"
"layer_1","Lavendula_buchii","layer_1","Anthophora_alluaudi",2,"pollination"
"layer_1","Lavendula_buchii","layer_1","Anthophora_orotavae",2,"pollination"
"layer_1","Lavendula_buchii","layer_1","Camponotus_feae",7,"pollination"
"layer_1","Lavendula_buchii","layer_1","Leptochilus_cruentatus",1,"pollination"
"layer_1","Lycium_intricatum","layer_1","Amegilla_canifrons",1,"pollination"
"layer_1","Lycium_intricatum","layer_1","Amegilla_quadrifasciata",1,"pollination"
"layer_1","Lycium_intricatum","layer_1","Anaspis_proteus",1,"pollination"
"layer_1","Lycium_intricatum","layer_1","Anthophora_alluaudi",11,"pollination"
"layer_1","Lycium_intricatum","layer_1","Anthophora_orotavae",1,"pollination"
"layer_1","Lycium_intricatum","layer_1","Camponotus_feae",2,"pollination"
"layer_1","Lycium_intricatum","layer_1","Lasioglossum_viride",3,"pollination"
"layer_1","Lycium_intricatum","layer_1","Themnothorax_hesperius",1,"pollination"
"layer_1","Nauplius_aquaticus","layer_1","Camponotus_feae",19,"pollination"
"layer_1","Nauplius_aquaticus","layer_1","Chloropidae_sp_5",4,"pollination"
"layer_1","Nauplius_aquaticus","layer_1","Thysanoptera_sp_2",21,"pollination"
"layer_1","Neochamaelea_pulverulenta","layer_1","Camponotus_feae",10,"pollination"
"layer_1","Parolinia_intermedia","layer_1","Anaspis_proteus",19,"pollination"
"layer_1","Parolinia_intermedia","layer_1","Anthophora_alluaudi",7,"pollination"
"layer_1","Parolinia_intermedia","layer_1","Camponotus_feae",3,"pollination"
"layer_1","Parolinia_intermedia","layer_1","Dasytes_cf_subaenescens",1,"pollination"
"layer_1","Parolinia_intermedia","layer_1","Dasytes_subaenescens",7,"pollination"
"layer_1","Parolinia_intermedia","layer_1","Estheria_simonyi",9,"pollination"
"layer_1","Parolinia_intermedia","layer_1","Eucera_gracilipes",5,"pollination"
"layer_1","Parolinia_intermedia","layer_1","Lasioglossum_viride",16,"pollination"
"layer_1","Parolinia_intermedia","layer_1","Leptochilus_cruentatus",10,"pollination"
"layer_1","Parolinia_intermedia","layer_1","Meligethes_canariensis",11,"pollination"
"layer_1","Parolinia_intermedia","layer_1","Phthiria_simonyi",1,"pollination"
"layer_1","Parolinia_intermedia","layer_1","Syritta_pipiens",9,"pollination"
"layer_1","Parolinia_intermedia","layer_1","Thysanoptera_sp_7",1,"pollination"
"layer_1","Periploca_laevigata","layer_1","Agromyzidae_sp_2",1,"pollination"
"layer_1","Periploca_laevigata","layer_1","Anaspis_proteus",4,"pollination"
"layer_1","Periploca_laevigata","layer_1","Apis_mellifera",1,"pollination"
"layer_1","Periploca_laevigata","layer_1","Camponotus_feae",85,"pollination"
"layer_1","Periploca_laevigata","layer_1","Coccinella_miranda",1,"pollination"
"layer_1","Periploca_laevigata","layer_1","Estheria_simonyi",4,"pollination"
"layer_1","Periploca_laevigata","layer_1","Eumerus_latitarsis",2,"pollination"
"layer_1","Periploca_laevigata","layer_1","Geometridae_sp",1,"pollination"
"layer_1","Periploca_laevigata","layer_1","Musca_domestica",9,"pollination"
"layer_1","Periploca_laevigata","layer_1","Neodryophilus_cryptophagoides",1,"pollination"
"layer_1","Periploca_laevigata","layer_1","Sciaridae_sp",1,"pollination"
"layer_1","Rubia_fruticosa","layer_1","Anaspis_proteus",1,"pollination"
"layer_1","Rubia_fruticosa","layer_1","Attalus_pallipes",1,"pollination"
"layer_1","Rubia_fruticosa","layer_1","Camponotus_feae",18,"pollination"
"layer_1","Rubia_fruticosa","layer_1","Malthinus_mutabilis",1,"pollination"
"layer_1","Rubia_fruticosa","layer_1","Sciaridae_sp",2,"pollination"
"layer_1","Schizogyne_sericea","layer_1","Anaspis_proteus",3,"pollination"
"layer_1","Schizogyne_sericea","layer_1","Camponotus_feae",7,"pollination"
"layer_1","Schizogyne_sericea","layer_1","Dasytes_cf_subaenescens",1,"pollination"
"layer_1","Schizogyne_sericea","layer_1","Euderus_sp",1,"pollination"
"layer_1","Schizogyne_sericea","layer_1","Lasioglossum_viride",2,"pollination"
"layer_1","Schizogyne_sericea","layer_1","Leptochilus_cruentatus",1,"pollination"
"layer_1","Schizogyne_sericea","layer_1","Leptochilus_eatoni",1,"pollination"
"layer_1","Schizogyne_sericea","layer_1","Megaselia_sp_2",1,"pollination"
"layer_2","Argyranthemum_frutescens","layer_2","Anaspis_proteus",1,"pollination"
"layer_2","Argyranthemum_frutescens","layer_2","Attagenus_wollastoni",2,"pollination"
"layer_2","Argyranthemum_frutescens","layer_2","Eristalinus_aeneus",1,"pollination"
"layer_2","Argyranthemum_frutescens","layer_2","Holepyris_sp",1,"pollination"
"layer_2","Argyranthemum_frutescens","layer_2","Lasioglossum_loetum",1,"pollination"
"layer_2","Argyranthemum_frutescens","layer_2","Myopites_nigrescens",3,"pollination"
"layer_2","Argyranthemum_frutescens","layer_2","Oscinella_sp_1",2,"pollination"
"layer_2","Argyranthemum_frutescens","layer_2","Oxyopes_cf_kraepelinorum",2,"pollination"
"layer_2","Argyranthemum_frutescens","layer_2","Plagiolepis_sp_2",3,"pollination"
"layer_2","Argyranthemum_frutescens","layer_2","Pteromalus_sp_3",1,"pollination"
"layer_2","Argyranthemum_frutescens","layer_2","Pteromalus_sp_4",4,"pollination"
"layer_2","Argyranthemum_frutescens","layer_2","Scenopinus_sp",1,"pollination"
"layer_2","Argyranthemum_frutescens","layer_2","Syritta_pipiens",1,"pollination"
"layer_2","Argyranthemum_frutescens","layer_2","Themnothorax_hesperius",1,"pollination"
"layer_2","Argyranthemum_frutescens","layer_2","Thysanoptera_sp_1",40,"pollination"
"layer_2","Argyranthemum_frutescens","layer_2","Thysanoptera_sp_2",45,"pollination"
"layer_2","Argyranthemum_frutescens","layer_2","Thysanoptera_sp_3",2,"pollination"
"layer_2","Argyranthemum_frutescens","layer_2","Trixoscelis_sp",1,"pollination"
"layer_2","Ceropegia_fusca","layer_2","Camponotus_feae",2,"pollination"
"layer_2","Euphorbia_balsamifera_f","layer_2","Agromyzidae_sp_1",3,"pollination"
"layer_2","Euphorbia_balsamifera_f","layer_2","Apis_mellifera",1,"pollination"
"layer_2","Euphorbia_balsamifera_f","layer_2","Camponotus_feae",60,"pollination"
"layer_2","Euphorbia_balsamifera_f","layer_2","Chrysomya_albiceps",2,"pollination"
"layer_2","Euphorbia_balsamifera_f","layer_2","Platypalpus_sp",1,"pollination"
"layer_2","Euphorbia_balsamifera_f","layer_2","Thysanoptera_sp_1",1,"pollination"
"layer_2","Euphorbia_balsamifera_m","layer_2","Agromyzidae_sp_1",2,"pollination"
"layer_2","Euphorbia_balsamifera_m","layer_2","Anaspis_proteus",16,"pollination"
"layer_2","Euphorbia_balsamifera_m","layer_2","Attalus_ruficollis",1,"pollination"
"layer_2","Euphorbia_balsamifera_m","layer_2","Bracon_sp",1,"pollination"
"layer_2","Euphorbia_balsamifera_m","layer_2","Camponotus_feae",48,"pollination"
"layer_2","Euphorbia_balsamifera_m","layer_2","Chalicodoma_canescens",1,"pollination"
"layer_2","Euphorbia_balsamifera_m","layer_2","Dinarmoides_spilopterus",1,"pollination"
"layer_2","Euphorbia_balsamifera_m","layer_2","Lasioglossum_viride",1,"pollination"
"layer_2","Euphorbia_balsamifera_m","layer_2","Leptochilus_eatoni",1,"pollination"
"layer_2","Euphorbia_balsamifera_m","layer_2","Oscinella_sp_2",2,"pollination"
"layer_2","Euphorbia_balsamifera_m","layer_2","Plagiolepis_sp_2",2,"pollination"
"layer_2","Euphorbia_balsamifera_m","layer_2","Sibinia_sericea",1,"pollination"
"layer_2","Euphorbia_balsamifera_m","layer_2","Themnothorax_hesperius",10,"pollination"
"layer_2","Euphorbia_balsamifera_m","layer_2","Thysanoptera_sp_1",14,"pollination"
"layer_2","Euphorbia_lamarckii","layer_2","Anaspis_proteus",3,"pollination"
"layer_2","Euphorbia_lamarckii","layer_2","Apis_mellifera",5,"pollination"
"layer_2","Euphorbia_lamarckii","layer_2","Aprostocetus_sp_2",1,"pollination"
"layer_2","Euphorbia_lamarckii","layer_2","Blaesoxipha_sp_1",1,"pollination"
"layer_2","Euphorbia_lamarckii","layer_2","Camponotus_feae",26,"pollination"
"layer_2","Euphorbia_lamarckii","layer_2","Chetogena_acuminata",1,"pollination"
"layer_2","Euphorbia_lamarckii","layer_2","Eristalinus_taeniops",3,"pollination"
"layer_2","Euphorbia_lamarckii","layer_2","Eristalis_tenax",1,"pollination"
"layer_2","Euphorbia_lamarckii","layer_2","Lucilia_sericata",2,"pollination"
"layer_2","Euphorbia_lamarckii","layer_2","Macrocoma_splendens",1,"pollination"
"layer_2","Euphorbia_lamarckii","layer_2","Megachile_canariensis",1,"pollination"
"layer_2","Euphorbia_lamarckii","layer_2","Mordellistena_cf_canariensis",1,"pollination"
"layer_2","Euphorbia_lamarckii","layer_2","Musca_domestica",1,"pollination"
"layer_2","Euphorbia_lamarckii","layer_2","Phyto_discrepans",3,"pollination"
"layer_2","Euphorbia_lamarckii","layer_2","Plagiolepis_sp_2",3,"pollination"
"layer_2","Euphorbia_lamarckii","layer_2","Platypalpus_sp_2",1,"pollination"
"layer_2","Euphorbia_lamarckii","layer_2","Sciaridae_sp_1",1,"pollination"
"layer_2","Euphorbia_lamarckii","layer_2","Synthesomyia_nudiseta",3,"pollination"
"layer_2","Euphorbia_lamarckii","layer_2","Thysanoptera_sp_1",1,"pollination"
"layer_2","Fagonia_albiflora","layer_2","Thysanoptera_sp_2",3,"pollination"
"layer_2","Frankenia_laevis","layer_2","Ammophila_terminata",1,"pollination"
"layer_2","Frankenia_laevis","layer_2","Camponotus_feae",14,"pollination"
"layer_2","Frankenia_laevis","layer_2","Monomorium_subopacum",1,"pollination"
"layer_2","Frankenia_laevis","layer_2","Plagiolepis_sp_2",2,"pollination"
"layer_2","Frankenia_laevis","layer_2","Themnothorax_hesperius",14,"pollination"
"layer_2","Helianthemum_canariensis","layer_2","Apis_mellifera",1,"pollination"
"layer_2","Helianthemum_canariensis","layer_2","Camponotus_feae",1,"pollination"
"layer_2","Helianthemum_canariensis","layer_2","Plagiolepis_sp_2",3,"pollination"
"layer_2","Helianthemum_canariensis","layer_2","Themnothorax_hesperius",1,"pollination"
"layer_2","Helianthemum_canariensis","layer_2","Thysanoptera_sp_1",3,"pollination"
"layer_2","Helianthemum_canariensis","layer_2","Thysanoptera_sp_2",8,"pollination"
"layer_2","Launaea_arborescens","layer_2","Anaspis_proteus",1,"pollination"
"layer_2","Launaea_arborescens","layer_2","Attagenus_wollastoni",1,"pollination"
"layer_2","Launaea_arborescens","layer_2","Camponotus_feae",2,"pollination"
"layer_2","Launaea_arborescens","layer_2","Chalicodoma_canescens",1,"pollination"
"layer_2","Launaea_arborescens","layer_2","Dinarmoides_spilopterus",1,"pollination"
"layer_2","Launaea_arborescens","layer_2","Eristalinus_taeniops",1,"pollination"
"layer_2","Launaea_arborescens","layer_2","Euderus_sp",1,"pollination"
"layer_2","Launaea_arborescens","layer_2","Eupelmus_sp",1,"pollination"
"layer_2","Launaea_arborescens","layer_2","Eurytoma_sp_1",2,"pollination"
"layer_2","Launaea_arborescens","layer_2","Lasioglossum_viride",4,"pollination"
"layer_2","Launaea_arborescens","layer_2","Myopites_nigrescens",1,"pollination"
"layer_2","Launaea_arborescens","layer_2","Plagiolepis_sp_2",7,"pollination"
"layer_2","Launaea_arborescens","layer_2","Themnothorax_hesperius",4,"pollination"
"layer_2","Launaea_arborescens","layer_2","Thysanoptera_sp_2",5,"pollination"
"layer_2","Launaea_arborescens","layer_2","Torymoides_lindbergi",3,"pollination"
"layer_2","Launaea_arborescens","layer_2","Urelliosoma_guimari",6,"pollination"
"layer_2","Lavendula_multifida","layer_2","Amegilla_quadrifasciata",8,"pollination"
"layer_2","Lavendula_multifida","layer_2","Anthophora_orotavae",2,"pollination"
"layer_2","Lavendula_multifida","layer_2","Apis_mellifera",1,"pollination"
"layer_2","Lavendula_multifida","layer_2","Camponotus_feae",1,"pollination"
"layer_2","Lavendula_multifida","layer_2","Lasioglossum_viride",1,"pollination"
"layer_2","Lavendula_multifida","layer_2","Sphaeniscus_filiolus",1,"pollination"
"layer_2","Lavendula_multifida","layer_2","Stomorhina_lunata",1,"pollination"
"layer_2","Lavendula_multifida","layer_2","Themnothorax_hesperius",1,"pollination"
"layer_2","Lotus_sessilifolius","layer_2","Anthophora_alluaudi",1,"pollination"
"layer_2","Lotus_sessilifolius","layer_2","Camponotus_feae",2,"pollination"
"layer_2","Lotus_sessilifolius","layer_2","Meligethes_cf_canariensis",1,"pollination"
"layer_2","Lotus_sessilifolius","layer_2","Nomioides_fortunatus",1,"pollination"
"layer_2","Lotus_sessilifolius","layer_2","Themnothorax_hesperius",1,"pollination"
"layer_2","Lycium_intricatum","layer_2","Anthophora_alluaudi",1,"pollination"
"layer_2","Lycium_intricatum","layer_2","Camponotus_feae",4,"pollination"
"layer_2","Lycium_intricatum","layer_2","Themnothorax_hesperius",1,"pollination"
"layer_2","Periploca_laevigata","layer_2","Aprostocetus_occidentalis",2,"pollination"
"layer_2","Periploca_laevigata","layer_2","Camponotus_feae",71,"pollination"
"layer_2","Periploca_laevigata","layer_2","Chloropidae_sp_5",1,"pollination"
"layer_2","Periploca_laevigata","layer_2","Chloropidae_sp_6",1,"pollination"
"layer_2","Periploca_laevigata","layer_2","Chrysomya_albiceps",36,"pollination"
"layer_2","Periploca_laevigata","layer_2","Fannia_sp",3,"pollination"
"layer_2","Periploca_laevigata","layer_2","Lasioglossum_viride",1,"pollination"
"layer_2","Periploca_laevigata","layer_2","Lucilia_sericata",17,"pollination"
"layer_2","Periploca_laevigata","layer_2","Monomorium_subopacum",1,"pollination"
"layer_2","Periploca_laevigata","layer_2","Musca_domestica",4,"pollination"
"layer_2","Periploca_laevigata","layer_2","Physiphora_alceae",2,"pollination"
"layer_2","Periploca_laevigata","layer_2","Plagiolepis_sp_2",1,"pollination"
"layer_2","Periploca_laevigata","layer_2","Sarcophagidae_sp_5",7,"pollination"
"layer_2","Periploca_laevigata","layer_2","Sarcophagidae_sp_8",11,"pollination"
"layer_2","Periploca_laevigata","layer_2","Scenopinus_sp",1,"pollination"
"layer_2","Periploca_laevigata","layer_2","Sciaridae_sp_1",5,"pollination"
"layer_2","Periploca_laevigata","layer_2","Synthesomyia_nudiseta",1,"pollination"
"layer_2","Plocama_pendula","layer_2","Apis_mellifera",1,"pollination"
"layer_2","Plocama_pendula","layer_2","Camponotus_feae",4,"pollination"
"layer_2","Plocama_pendula","layer_2","Themnothorax_hesperius",1,"pollination"
"layer_2","Satureja_kuegleri","layer_2","Gnaphosidae_sp_1",1,"pollination"
"layer_2","Satureja_kuegleri","layer_2","Lasioglossum_viride",1,"pollination"
"layer_2","Satureja_kuegleri","layer_2","Musca_domestica",1,"pollination"
"layer_2","Satureja_kuegleri","layer_2","Themnothorax_hesperius",1,"pollination"
"layer_2","Satureja_kuegleri","layer_2","Thysanoptera_sp_1",4,"pollination"
"layer_2","Schizogyne_sericea","layer_2","Apis_mellifera",1,"pollination"
"layer_2","Schizogyne_sericea","layer_2","Attagenus_wollastoni",1,"pollination"
"layer_2","Schizogyne_sericea","layer_2","Camponotus_feae",5,"pollination"
"layer_2","Schizogyne_sericea","layer_2","Euderus_sp",1,"pollination"
"layer_2","Schizogyne_sericea","layer_2","Lasioglossum_viride",1,"pollination"
"layer_2","Schizogyne_sericea","layer_2","Myopites_nigrescens",30,"pollination"
"layer_2","Schizogyne_sericea","layer_2","Plagiolepis_schmitzii",2,"pollination"
"layer_2","Schizogyne_sericea","layer_2","Plagiolepis_sp_2",2,"pollination"
"layer_2","Schizogyne_sericea","layer_2","Pteromalus_sp_3",1,"pollination"
"layer_2","Schizogyne_sericea","layer_2","Themnothorax_hesperius",4,"pollination"
"layer_2","Schizogyne_sericea","layer_2","Thysanoptera_sp_1",1,"pollination"
"layer_2","Schizogyne_sericea","layer_2","Thysanoptera_sp_2",8,"pollination"
"layer_3","Euphorbia_balsamifera_f","layer_3","Apis_mellifera",1,"pollination"
"layer_3","Euphorbia_balsamifera_f","layer_3","Atherigona_varia",1,"pollination"
"layer_3","Euphorbia_balsamifera_f","layer_3","Camponotus_feae",96,"pollination"
"layer_3","Euphorbia_balsamifera_f","layer_3","Chetogena_acuminata",1,"pollination"
"layer_3","Euphorbia_balsamifera_f","layer_3","Chrysomya_albiceps",8,"pollination"
"layer_3","Euphorbia_balsamifera_f","layer_3","Colletes_dimidiatus",1,"pollination"
"layer_3","Euphorbia_balsamifera_f","layer_3","Curculionidae_sp",1,"pollination"
"layer_3","Euphorbia_balsamifera_f","layer_3","Lasioglossum_viride",1,"pollination"
"layer_3","Euphorbia_balsamifera_f","layer_3","Lucilia_sericata",1,"pollination"
"layer_3","Euphorbia_balsamifera_f","layer_3","Musca_domestica",5,"pollination"
"layer_3","Euphorbia_balsamifera_f","layer_3","Oscinella_sp_1",2,"pollination"
"layer_3","Euphorbia_balsamifera_f","layer_3","Sarcophagidae_sp_5",1,"pollination"
"layer_3","Euphorbia_balsamifera_f","layer_3","Sepsis_sp",1,"pollination"
"layer_3","Euphorbia_balsamifera_f","layer_3","Thysanoptera_sp_1",1,"pollination"
"layer_3","Euphorbia_balsamifera_m","layer_3","Anaspis_proteus",11,"pollination"
"layer_3","Euphorbia_balsamifera_m","layer_3","Andrena_wollastoni",1,"pollination"
"layer_3","Euphorbia_balsamifera_m","layer_3","Apis_mellifera",2,"pollination"
"layer_3","Euphorbia_balsamifera_m","layer_3","Attagenus_wollastoni",1,"pollination"
"layer_3","Euphorbia_balsamifera_m","layer_3","Attalus_obscurus",2,"pollination"
"layer_3","Euphorbia_balsamifera_m","layer_3","Camponotus_feae",79,"pollination"
"layer_3","Euphorbia_balsamifera_m","layer_3","Chloropidae_sp_2",3,"pollination"
"layer_3","Euphorbia_balsamifera_m","layer_3","Chrysomya_albiceps",8,"pollination"
"layer_3","Euphorbia_balsamifera_m","layer_3","Lasioglossum_loetum",2,"pollination"
"layer_3","Euphorbia_balsamifera_m","layer_3","Lasioglossum_viride",2,"pollination"
"layer_3","Euphorbia_balsamifera_m","layer_3","Musca_domestica",5,"pollination"
"layer_3","Euphorbia_balsamifera_m","layer_3","Oscinella_sp_1",6,"pollination"
"layer_3","Euphorbia_balsamifera_m","layer_3","Sarcophagidae_sp_5",1,"pollination"
"layer_3","Euphorbia_balsamifera_m","layer_3","Sepsis_sp",1,"pollination"
"layer_3","Euphorbia_balsamifera_m","layer_3","Stenoselma_sp",1,"pollination"
"layer_3","Euphorbia_balsamifera_m","layer_3","Thysanoptera_sp_1",149,"pollination"
"layer_3","Euphorbia_balsamifera_m","layer_3","Thysanoptera_sp_3",1,"pollination"
"layer_3","Euphorbia_regis_jubae","layer_3","Agromyzidae_sp_1",1,"pollination"
"layer_3","Euphorbia_regis_jubae","layer_3","Anaspis_proteus",8,"pollination"
"layer_3","Euphorbia_regis_jubae","layer_3","Andrena_vulcana",7,"pollination"
"layer_3","Euphorbia_regis_jubae","layer_3","Anthophora_alluaudi",1,"pollination"
"layer_3","Euphorbia_regis_jubae","layer_3","Attalus_obscurus",4,"pollination"
"layer_3","Euphorbia_regis_jubae","layer_3","Bombylius_pintuarius",1,"pollination"
"layer_3","Euphorbia_regis_jubae","layer_3","Camponotus_feae",42,"pollination"
"layer_3","Euphorbia_regis_jubae","layer_3","Chrysomya_albiceps",1,"pollination"
"layer_3","Euphorbia_regis_jubae","layer_3","Colletes_dimidiatus",2,"pollination"
"layer_3","Euphorbia_regis_jubae","layer_3","Eristalinus_taeniops",1,"pollination"
"layer_3","Euphorbia_regis_jubae","layer_3","Eucera_gracilipes",3,"pollination"
"layer_3","Euphorbia_regis_jubae","layer_3","Exhyalanthrax_canarionae",1,"pollination"
"layer_3","Euphorbia_regis_jubae","layer_3","Gasteruption_sp",1,"pollination"
"layer_3","Euphorbia_regis_jubae","layer_3","Hylaeus_hohmanni",8,"pollination"
"layer_3","Euphorbia_regis_jubae","layer_3","Lasioglossum_viride",3,"pollination"
"layer_3","Euphorbia_regis_jubae","layer_3","Lucilia_sericata",3,"pollination"
"layer_3","Euphorbia_regis_jubae","layer_3","Melecta_curvispina",1,"pollination"
"layer_3","Euphorbia_regis_jubae","layer_3","Musca_domestica",3,"pollination"
"layer_3","Euphorbia_regis_jubae","layer_3","Oscinella_sp_1",5,"pollination"
"layer_3","Euphorbia_regis_jubae","layer_3","Sarcophagidae_sp_5",1,"pollination"
"layer_3","Euphorbia_regis_jubae","layer_3","Scaeva_albomaculata",2,"pollination"
"layer_3","Fagonia_albiflora","layer_3","Andrena_vulcana",1,"pollination"
"layer_3","Fagonia_albiflora","layer_3","Attalus_obscurus",3,"pollination"
"layer_3","Fagonia_albiflora","layer_3","Camponotus_feae",1,"pollination"
"layer_3","Fagonia_albiflora","layer_3","Lasioglossum_loetum",7,"pollination"
"layer_3","Fagonia_albiflora","layer_3","Thysanoptera_sp_2",25,"pollination"
"layer_3","Kickxia_scoparia","layer_3","Camponotus_feae",1,"pollination"
"layer_3","Kickxia_scoparia","layer_3","Themnothorax_risii",2,"pollination"
"layer_3","Kickxia_scoparia","layer_3","Thysanoptera_sp_2",2,"pollination"
"layer_3","Launaea_arborescens","layer_3","Alliophleps_elliptica",1,"pollination"
"layer_3","Launaea_arborescens","layer_3","Anaspis_proteus",10,"pollination"
"layer_3","Launaea_arborescens","layer_3","Apis_mellifera",1,"pollination"
"layer_3","Launaea_arborescens","layer_3","Attagenus_wollastoni",3,"pollination"
"layer_3","Launaea_arborescens","layer_3","Attalus_obscurus",9,"pollination"
"layer_3","Launaea_arborescens","layer_3","Dinarmoides_spilopterus",1,"pollination"
"layer_3","Launaea_arborescens","layer_3","Lasioglossum_viride",4,"pollination"
"layer_3","Launaea_arborescens","layer_3","Osmia_latreillei",2,"pollination"
"layer_3","Launaea_arborescens","layer_3","Pieris_rapae",3,"pollination"
"layer_3","Launaea_arborescens","layer_3","Plagiolepis_sp_2",1,"pollination"
"layer_3","Launaea_arborescens","layer_3","Themnothorax_risii",2,"pollination"
"layer_3","Launaea_arborescens","layer_3","Thysanoptera_sp_2",1,"pollination"
"layer_3","Launaea_arborescens","layer_3","Tropinota_squalida",1,"pollination"
"layer_3","Launaea_arborescens","layer_3","Urelliosoma_guimari",2,"pollination"
"layer_3","Lavendula_minutolii","layer_3","Anthophora_alluaudi",6,"pollination"
"layer_3","Lotus_spartioides","layer_3","Osmia_canaria",2,"pollination"
"layer_3","Lycium_intricatum","layer_3","Amegilla_quadrifasciata",4,"pollination"
"layer_3","Lycium_intricatum","layer_3","Anthophora_alluaudi",13,"pollination"
"layer_3","Lycium_intricatum","layer_3","Anthophora_orotavae",1,"pollination"
"layer_3","Lycium_intricatum","layer_3","Apis_mellifera",1,"pollination"
"layer_3","Lycium_intricatum","layer_3","Camponotus_feae",2,"pollination"
"layer_3","Lycium_intricatum","layer_3","Eucera_gracilipes",1,"pollination"
"layer_3","Lycium_intricatum","layer_3","Lasioglossum_loetum",1,"pollination"
"layer_3","Lycium_intricatum","layer_3","Lasioglossum_viride",8,"pollination"
"layer_3","Lycium_intricatum","layer_3","Pieris_rapae",1,"pollination"
"layer_3","Lycium_intricatum","layer_3","Plagiolepis_sp_2",1,"pollination"
"layer_3","Plocama_pendula","layer_3","Apis_mellifera",3,"pollination"
"layer_3","Plocama_pendula","layer_3","Attalus_obscurus",3,"pollination"
"layer_3","Plocama_pendula","layer_3","Camponotus_feae",13,"pollination"
"layer_3","Plocama_pendula","layer_3","Colletes_dimidiatus",3,"pollination"
"layer_3","Plocama_pendula","layer_3","Dinarmoides_spilopterus",1,"pollination"
"layer_3","Plocama_pendula","layer_3","Lasioglossum_loetum",7,"pollination"
"layer_3","Plocama_pendula","layer_3","Lasioglossum_viride",3,"pollination"
"layer_3","Plocama_pendula","layer_3","Oscinella_sp_1",1,"pollination"
"layer_3","Plocama_pendula","layer_3","Phthiria_simonyi",1,"pollination"
"layer_3","Plocama_pendula","layer_3","Thomisus_cf_onustus",1,"pollination"
"layer_3","Rubia_fruticosa","layer_3","Anaspis_proteus",1,"pollination"
"layer_3","Rubia_fruticosa","layer_3","Attalus_obscurus",2,"pollination"
"layer_3","Rubia_fruticosa","layer_3","Camponotus_feae",44,"pollination"
"layer_3","Rubia_fruticosa","layer_3","Coccinella_miranda",1,"pollination"
"layer_3","Rubia_fruticosa","layer_3","Lucilia_sericata",3,"pollination"
"layer_3","Rubia_fruticosa","layer_3","Macroglossum_stellatarum",1,"pollination"
"layer_3","Rubia_fruticosa","layer_3","Musca_domestica",5,"pollination"
"layer_3","Rubia_fruticosa","layer_3","Oscinella_sp_1",1,"pollination"
"layer_3","Schizogyne_sericea","layer_3","Attalus_obscurus",2,"pollination"
"layer_3","Schizogyne_sericea","layer_3","Cephalodromia_sp",1,"pollination"
"layer_3","Schizogyne_sericea","layer_3","Thysanoptera_sp_1",9,"pollination"
"layer_3","Schizogyne_sericea","layer_3","Thysanoptera_sp_2",1,"pollination"
"layer_3","Schizogyne_sericea","layer_3","Thysanoptera_sp_3",1,"pollination"
"layer_4","Euphorbia_balsamifera_f","layer_4","Aphthona_wachnitzae",1,"pollination"
"layer_4","Euphorbia_balsamifera_f","layer_4","Araneae_sp_1",1,"pollination"
"layer_4","Euphorbia_balsamifera_f","layer_4","Aulacoderus_canariensis",6,"pollination"
"layer_4","Euphorbia_balsamifera_f","layer_4","Blaesoxipha_sp_1",4,"pollination"
"layer_4","Euphorbia_balsamifera_f","layer_4","Chrysomya_albiceps",3,"pollination"
"layer_4","Euphorbia_balsamifera_f","layer_4","Dischistus_atlanticus",1,"pollination"
"layer_4","Euphorbia_balsamifera_f","layer_4","Musca_osiris",1,"pollination"
"layer_4","Euphorbia_balsamifera_f","layer_4","Plagiolepis_schmitzii",107,"pollination"
"layer_4","Euphorbia_balsamifera_f","layer_4","Sarcophagidae_sp_4",1,"pollination"
"layer_4","Euphorbia_balsamifera_f","layer_4","Sarcophagidae_sp_5",1,"pollination"
"layer_4","Euphorbia_balsamifera_f","layer_4","Sciaridae_sp",8,"pollination"
"layer_4","Euphorbia_balsamifera_m","layer_4","Anaspis_proteus",2,"pollination"
"layer_4","Euphorbia_balsamifera_m","layer_4","Aphthona_wachnitzae",11,"pollination"
"layer_4","Euphorbia_balsamifera_m","layer_4","Asteia_caesia",3,"pollination"
"layer_4","Euphorbia_balsamifera_m","layer_4","Attalus_olivensis",14,"pollination"
"layer_4","Euphorbia_balsamifera_m","layer_4","Aulacoderus_canariensis",18,"pollination"
"layer_4","Euphorbia_balsamifera_m","layer_4","Cecidomyiidae_sp",1,"pollination"
"layer_4","Euphorbia_balsamifera_m","layer_4","Chloropidae_sp_2",1,"pollination"
"layer_4","Euphorbia_balsamifera_m","layer_4","Cryptocephalus_nubigena",3,"pollination"
"layer_4","Euphorbia_balsamifera_m","layer_4","Lucilia_sericata",7,"pollination"
"layer_4","Euphorbia_balsamifera_m","layer_4","Milichiidae_sp",1,"pollination"
"layer_4","Euphorbia_balsamifera_m","layer_4","Nyctia_lugubris",1,"pollination"
"layer_4","Euphorbia_balsamifera_m","layer_4","Phalacrus_coruscus",1,"pollination"
"layer_4","Euphorbia_balsamifera_m","layer_4","Phyto_nigrobarbata",1,"pollination"
"layer_4","Euphorbia_balsamifera_m","layer_4","Plagiolepis_schmitzii",143,"pollination"
"layer_4","Euphorbia_balsamifera_m","layer_4","Platypalpus_sp_1",1,"pollination"
"layer_4","Euphorbia_balsamifera_m","layer_4","Sapromyza_sp",2,"pollination"
"layer_4","Euphorbia_balsamifera_m","layer_4","Sarcophagidae_sp_4",3,"pollination"
"layer_4","Euphorbia_balsamifera_m","layer_4","Sarcophagidae_sp_5",18,"pollination"
"layer_4","Euphorbia_balsamifera_m","layer_4","Scaptomyza_sp_2",1,"pollination"
"layer_4","Euphorbia_balsamifera_m","layer_4","Sciaridae_sp",8,"pollination"
"layer_4","Euphorbia_balsamifera_m","layer_4","Tachyagetes_aemulans",1,"pollination"
"layer_4","Euphorbia_balsamifera_m","layer_4","Tethinidae_sp_3",1,"pollination"
"layer_4","Euphorbia_balsamifera_m","layer_4","Tetramesa_sp",1,"pollination"
"layer_4","Euphorbia_balsamifera_m","layer_4","Thysanoptera_sp_1",74,"pollination"
"layer_4","Helianthemum_canariensis","layer_4","Dischistus_atlanticus",1,"pollination"
"layer_4","Helianthemum_canariensis","layer_4","Eurytoma_sp_1",1,"pollination"
"layer_4","Helianthemum_canariensis","layer_4","Sarcophagidae_sp_4",2,"pollination"
"layer_4","Helianthemum_canariensis","layer_4","Thysanoptera_sp_2",9,"pollination"
"layer_4","Kickxia_heterophylla","layer_4","Goniozus_sp",1,"pollination"
"layer_4","Kickxia_heterophylla","layer_4","Oscinimorpha_sp",1,"pollination"
"layer_4","Kickxia_heterophylla","layer_4","Thysanoptera_sp_2",2,"pollination"
"layer_4","Launaea_arborescens","layer_4","Anaspis_cf_eversi",2,"pollination"
"layer_4","Launaea_arborescens","layer_4","Anaspis_proteus",2,"pollination"
"layer_4","Launaea_arborescens","layer_4","Anthophora_alluaudi",3,"pollination"
"layer_4","Launaea_arborescens","layer_4","Aphthona_wachnitzae",1,"pollination"
"layer_4","Launaea_arborescens","layer_4","Attagenus_abbreviatus",1,"pollination"
"layer_4","Launaea_arborescens","layer_4","Attalus_chrysanthemi",1,"pollination"
"layer_4","Launaea_arborescens","layer_4","Attalus_olivensis",3,"pollination"
"layer_4","Launaea_arborescens","layer_4","Aulacoderus_canariensis",4,"pollination"
"layer_4","Launaea_arborescens","layer_4","Campiglossa_martii",4,"pollination"
"layer_4","Launaea_arborescens","layer_4","Camponotus_cfr_feae",2,"pollination"
"layer_4","Launaea_arborescens","layer_4","Cephalodromia_sp",1,"pollination"
"layer_4","Launaea_arborescens","layer_4","Chalicodoma_sicula",3,"pollination"
"layer_4","Launaea_arborescens","layer_4","Chrysomya_albiceps",3,"pollination"
"layer_4","Launaea_arborescens","layer_4","Dasytes_lanzarotensis",6,"pollination"
"layer_4","Launaea_arborescens","layer_4","Diglyphus_chabrias",3,"pollination"
"layer_4","Launaea_arborescens","layer_4","Dischistus_atlanticus",1,"pollination"
"layer_4","Launaea_arborescens","layer_4","Eurytoma_sp_2",1,"pollination"
"layer_4","Launaea_arborescens","layer_4","Geometridae_sp_2",1,"pollination"
"layer_4","Launaea_arborescens","layer_4","Lasioglossum_loetum",1,"pollination"
"layer_4","Launaea_arborescens","layer_4","Leptochilus_fortunatus",1,"pollination"
"layer_4","Launaea_arborescens","layer_4","Lucilia_sericata",9,"pollination"
"layer_4","Launaea_arborescens","layer_4","Paragus_tibialis",1,"pollination"
"layer_4","Launaea_arborescens","layer_4","Plagiolepis_schmitzii",12,"pollination"
"layer_4","Launaea_arborescens","layer_4","Proconura_sp_2",1,"pollination"
"layer_4","Launaea_arborescens","layer_4","Pteromalus_sp_2",8,"pollination"
"layer_4","Launaea_arborescens","layer_4","Sarcophagidae_sp_4",1,"pollination"
"layer_4","Launaea_arborescens","layer_4","Sarcophagidae_sp_6",2,"pollination"
"layer_4","Launaea_arborescens","layer_4","Sciaridae_sp",7,"pollination"
"layer_4","Launaea_arborescens","layer_4","Thysanoptera_sp_2",2,"pollination"
"layer_4","Launaea_arborescens","layer_4","Urelliosoma_guimari",4,"pollination"
"layer_4","Lotus_lancerottensis","layer_4","Attalus_olivensis",1,"pollination"
"layer_4","Lotus_lancerottensis","layer_4","Camponotus_cfr_feae",1,"pollination"
"layer_4","Lotus_lancerottensis","layer_4","Chloropidae_sp_1",1,"pollination"
"layer_4","Lycium_intricatum","layer_4","Anthophora_alluaudi",11,"pollination"
"layer_4","Lycium_intricatum","layer_4","Attalus_olivensis",1,"pollination"
"layer_4","Lycium_intricatum","layer_4","Aulacoderus_canariensis",1,"pollination"
"layer_4","Lycium_intricatum","layer_4","Camponotus_cfr_feae",1,"pollination"
"layer_4","Lycium_intricatum","layer_4","Camponotus_feae",1,"pollination"
"layer_4","Lycium_intricatum","layer_4","Dischistus_atlanticus",2,"pollination"
"layer_4","Lycium_intricatum","layer_4","Leptochilus_fortunatus",4,"pollination"
"layer_4","Lycium_intricatum","layer_4","Sciaridae_sp",1,"pollination"
"layer_4","Lycium_intricatum","layer_4","Thysanoptera_sp_1",2,"pollination"
"layer_4","Lycium_intricatum","layer_4","Thysanoptera_sp_2",1,"pollination"
"layer_4","Lycium_intricatum","layer_4","Thysanoptera_sp_4",1,"pollination"
"layer_4","Phagnalon_purpurascens","layer_4","Camponotus_cfr_feae",4,"pollination"
"layer_4","Phagnalon_purpurascens","layer_4","Chetogena_acuminata",1,"pollination"
"layer_4","Phagnalon_purpurascens","layer_4","Tetramesa_sp",1,"pollination"
"layer_4","Salvia_aegyptiaca","layer_4","Anthophora_alluaudi",1,"pollination"
"layer_4","Salvia_aegyptiaca","layer_4","Chetogena_acuminata",1,"pollination"
"layer_4","Salvia_aegyptiaca","layer_4","Sarcophagidae_sp_4",2,"pollination"
"layer_5","Argyranthemum_sp","layer_5","Tapinoma_nigerrimum",1,"pollination"
"layer_5","Asparagus_pastorianus","layer_5","Aplocnemus_sp_2",1,"pollination"
"layer_5","Asparagus_pastorianus","layer_5","Attagenus_sp_1",2,"pollination"
"layer_5","Asparagus_pastorianus","layer_5","Axinotarsus_sp_1",1,"pollination"
"layer_5","Asparagus_pastorianus","layer_5","Chloropidae_sp",4,"pollination"
"layer_5","Asparagus_pastorianus","layer_5","Coleoptera_sp_5",1,"pollination"
"layer_5","Asparagus_pastorianus","layer_5","Lucilia_sericata",12,"pollination"
"layer_5","Asparagus_pastorianus","layer_5","Nomioides_deceptor",44,"pollination"
"layer_5","Asparagus_pastorianus","layer_5","Podalonia_sp",1,"pollination"
"layer_5","Asparagus_pastorianus","layer_5","Proconura_sp_1",3,"pollination"
"layer_5","Asparagus_pastorianus","layer_5","Sarcophaga_sp_1",1,"pollination"
"layer_5","Asparagus_pastorianus","layer_5","Sarcophagidae_sp",1,"pollination"
"layer_5","Asparagus_pastorianus","layer_5","Sciaridae_sp",2,"pollination"
"layer_5","Asparagus_pastorianus","layer_5","Tethinidae_sp_2",1,"pollination"
"layer_5","Euphorbia_balsamifera_f","layer_5","Andrena_vachali",1,"pollination"
"layer_5","Euphorbia_balsamifera_f","layer_5","Axinotarsus_sp_1",2,"pollination"
"layer_5","Euphorbia_balsamifera_f","layer_5","Coleoptera_sp_5",1,"pollination"
"layer_5","Euphorbia_balsamifera_f","layer_5","Colletes2_Waiting_85",1,"pollination"
"layer_5","Euphorbia_balsamifera_f","layer_5","Lucilia_sericata",4,"pollination"
"layer_5","Euphorbia_balsamifera_f","layer_5","Musca_sorbens",1,"pollination"
"layer_5","Euphorbia_balsamifera_f","layer_5","Plagiolepis_schmitzii",16,"pollination"
"layer_5","Euphorbia_balsamifera_f","layer_5","Sciaridae_sp_4",43,"pollination"
"layer_5","Euphorbia_balsamifera_f","layer_5","Tapinoma_nigerrimum",45,"pollination"
"layer_5","Euphorbia_balsamifera_m","layer_5","Anaspis_cf_saharensis",2,"pollination"
"layer_5","Euphorbia_balsamifera_m","layer_5","Arachnospila_sp",1,"pollination"
"layer_5","Euphorbia_balsamifera_m","layer_5","Bombylius_sp_1",1,"pollination"
"layer_5","Euphorbia_balsamifera_m","layer_5","Chetogena_acuminata",1,"pollination"
"layer_5","Euphorbia_balsamifera_m","layer_5","Coleoptera_sp_5",2,"pollination"
"layer_5","Euphorbia_balsamifera_m","layer_5","Crematogaster_scutellaris",1,"pollination"
"layer_5","Euphorbia_balsamifera_m","layer_5","Eurytoma_sp_3",2,"pollination"
"layer_5","Euphorbia_balsamifera_m","layer_5","Hylaeus_sp",2,"pollination"
"layer_5","Euphorbia_balsamifera_m","layer_5","Lasioglossum_phoenicurum",1,"pollination"
"layer_5","Euphorbia_balsamifera_m","layer_5","Lucilia_sericata",23,"pollination"
"layer_5","Euphorbia_balsamifera_m","layer_5","Lucilia_sp_1",15,"pollination"
"layer_5","Euphorbia_balsamifera_m","layer_5","Musca_domestica",4,"pollination"
"layer_5","Euphorbia_balsamifera_m","layer_5","Musca_osiris",2,"pollination"
"layer_5","Euphorbia_balsamifera_m","layer_5","Musca_sorbens",8,"pollination"
"layer_5","Euphorbia_balsamifera_m","layer_5","Physiphora_alceae",1,"pollination"
"layer_5","Euphorbia_balsamifera_m","layer_5","Plagiolepis_schmitzii",2,"pollination"
"layer_5","Euphorbia_balsamifera_m","layer_5","Podalonia_sp",2,"pollination"
"layer_5","Euphorbia_balsamifera_m","layer_5","Sarcophaga_sp_1",1,"pollination"
"layer_5","Euphorbia_balsamifera_m","layer_5","Sarcophagidae_sp_2",6,"pollination"
"layer_5","Euphorbia_balsamifera_m","layer_5","Sarcophagidae_sp_7",7,"pollination"
"layer_5","Euphorbia_balsamifera_m","layer_5","Sciaridae_sp",64,"pollination"
"layer_5","Euphorbia_balsamifera_m","layer_5","Tachinidae_sp_1",1,"pollination"
"layer_5","Euphorbia_balsamifera_m","layer_5","Tapinoma_nigerrimum",16,"pollination"
"layer_5","Euphorbia_balsamifera_m","layer_5","Themnothorax_productus",4,"pollination"
"layer_5","Euphorbia_balsamifera_m","layer_5","Thysanoptera_sp",37,"pollination"
"layer_5","Euphorbia_balsamifera_m","layer_5","Urelliosoma_guimari",3,"pollination"
"layer_5","Euphorbia_balsamifera_m","layer_5","Vanessa_Cardui",1,"pollination"
"layer_5","Fagonia_albiflora","layer_5","Amegilla_sp",3,"pollination"
"layer_5","Fagonia_albiflora","layer_5","Troglops_sp",1,"pollination"
"layer_5","Helianthemum_canariensis","layer_5","Tapinoma_nigerrimum",1,"pollination"
"layer_5","Kickxia_heterophylla","layer_5","Amegilla_sp",1,"pollination"
"layer_5","Kickxia_heterophylla","layer_5","Attagenus_sp_1",1,"pollination"
"layer_5","Kickxia_heterophylla","layer_5","Colletes1_Waiting_85",1,"pollination"
"layer_5","Kickxia_heterophylla","layer_5","Lasioglossum_phoenicurum",1,"pollination"
"layer_5","Kickxia_heterophylla","layer_5","Plagiolepis_schmitzii",1,"pollination"
"layer_5","Kickxia_heterophylla","layer_5","Tapinoma_nigerrimum",1,"pollination"
"layer_5","Launaea_arborescens","layer_5","Anthaxia_sp_1",10,"pollination"
"layer_5","Launaea_arborescens","layer_5","Aprostocetus_sp_1",2,"pollination"
"layer_5","Launaea_arborescens","layer_5","Attagenus_sp_1",1,"pollination"
"layer_5","Launaea_arborescens","layer_5","Coleoptera_sp_5",7,"pollination"
"layer_5","Launaea_arborescens","layer_5","Hylaeus_sp",5,"pollination"
"layer_5","Launaea_arborescens","layer_5","Lasioglossum_phoenicurum",6,"pollination"
"layer_5","Launaea_arborescens","layer_5","Nomioides_deceptor",1,"pollination"
"layer_5","Launaea_arborescens","layer_5","Ormyrus_sp_1",1,"pollination"
"layer_5","Launaea_arborescens","layer_5","Paragus_tibialis",3,"pollination"
"layer_5","Launaea_arborescens","layer_5","Pteromalus_sp_2",1,"pollination"
"layer_5","Launaea_arborescens","layer_5","Sciaridae_sp",1,"pollination"
"layer_5","Launaea_arborescens","layer_5","Sphecidae_sp",3,"pollination"
"layer_5","Launaea_arborescens","layer_5","Tephritidae_sp_1",6,"pollination"
"layer_5","Launaea_arborescens","layer_5","Thyreus_sp_aff_ramosus",3,"pollination"
"layer_5","Launaea_arborescens","layer_5","Urelliosoma_guimari",5,"pollination"
"layer_5","Launaea_arborescens","layer_5","Urellliosoma_sp",3,"pollination"
"layer_5","Launaea_arborescens","layer_5","Vestitohalictus_sp",4,"pollination"
"layer_5","Lotus_sp","layer_5","Chalicodoma_sicula",1,"pollination"
"layer_5","Lotus_sp","layer_5","Chalicodoma_sp",1,"pollination"
"layer_5","Lotus_sp","layer_5","Lucilia_sericata",1,"pollination"
"layer_5","Lotus_sp","layer_5","Tethinidae_sp_1",5,"pollination"
"layer_5","Lotus_sp","layer_5","Tethinidae_sp_2",6,"pollination"
"layer_5","Lycium_intricatum","layer_5","Amegilla_sp",5,"pollination"
"layer_5","Lycium_intricatum","layer_5","Andrena_vachali",1,"pollination"
"layer_5","Lycium_intricatum","layer_5","Anthophora_sp_1",1,"pollination"
"layer_5","Lycium_intricatum","layer_5","Anthophora_sp_aff_orotavae",1,"pollination"
"layer_5","Lycium_intricatum","layer_5","Colletes1_Waiting_85",10,"pollination"
"layer_5","Lycium_intricatum","layer_5","Lasioglossum_phoenicurum",1,"pollination"
"layer_5","Lycium_intricatum","layer_5","Nomioides_deceptor",3,"pollination"
"layer_5","Lycium_intricatum","layer_5","Nomioides_sp",9,"pollination"
"layer_5","Lycium_intricatum","layer_5","Sciaridae_sp_4",1,"pollination"
"layer_5","Lycium_intricatum","layer_5","Tapinoma_nigerrimum",3,"pollination"
"layer_5","Nauplius_sp","layer_5","Andrena_vachali",1,"pollination"
"layer_5","Nauplius_sp","layer_5","Bombylius_sp_1",1,"pollination"
"layer_5","Nauplius_sp","layer_5","Macrocoma_cf_henoni",1,"pollination"
"layer_5","Nauplius_sp","layer_5","Nomioides_deceptor",4,"pollination"
"layer_5","Nauplius_sp","layer_5","Plagiolepis_schmitzii",1,"pollination"
"layer_5","Nauplius_sp","layer_5","Sciaridae_sp",4,"pollination"
"layer_5","Zilla_spinosa","layer_5","Amegilla_sp",1,"pollination"
"layer_5","Zilla_spinosa","layer_5","Bombylius_sp_1",1,"pollination"
"layer_5","Zilla_spinosa","layer_5","Chalicodoma_sp",1,"pollination"
"layer_5","Zilla_spinosa","layer_5","Hym_Waiting_85",1,"pollination"
"layer_5","Zilla_spinosa","layer_5","Melecta_sp",1,"pollination"
"layer_5","Zilla_spinosa","layer_5","Plagiolepis_schmitzii",1,"pollination"
"layer_5","Zilla_spinosa","layer_5","Tapinoma_nigerrimum",1,"pollination"
"layer_5","Zilla_spinosa","layer_5","Thyreus_sp_aff_ramosus",1,"pollination"
